{"_id":{"$oid":"5453b63355474a3362317295"},"geometry":{"type":"Point","coordinates":[2.4594504,48.7797556]},"type":"Feature","properties":{"database_ref":"OSM","layer":"metro","type":"node","database_id":"300869641"}}
{"_id":{"$oid":"5453b63355474a336231729a"},"geometry":{"type":"Point","coordinates":[2.3012923,48.8395785]},"type":"Feature","properties":{"database_ref":"OSM","layer":"metro","type":"node","database_id":"244494486"}}
{"_id":{"$oid":"5453b63355474a336231729f"},"geometry":{"type":"Point","coordinates":[2.308012,48.8415118]},"type":"Feature","properties":{"database_ref":"OSM","layer":"metro","type":"node","database_id":"244494489"}}
{"_id":{"$oid":"5453b63355474a33623172b0"},"geometry":{"type":"Point","coordinates":[2.3867135,48.8869632]},"type":"Feature","properties":{"database_ref":"OSM","layer":"metro","type":"node","database_id":"264772371"}}
{"_id":{"$oid":"5453b63355474a33623172bf"},"geometry":{"type":"Point","coordinates":[2.3893345,48.8750969]},"type":"Feature","properties":{"database_ref":"OSM","layer":"metro","type":"node","database_id":"264692522"}}
{"_id":{"$oid":"5453b63355474a3362317372"},"geometry":{"type":"Point","coordinates":[2.4066804,48.8771276]},"type":"Feature","properties":{"database_ref":"OSM","layer":"metro","type":"node","database_id":"264690368"}}
{"_id":{"$oid":"5453b63355474a3362317373"},"geometry":{"type":"Point","coordinates":[2.3495338,48.8837592]},"type":"Feature","properties":{"database_ref":"OSM","layer":"metro","type":"node","database_id":"1480535477"}}
{"_id":{"$oid":"5453b63355474a33623173a1"},"geometry":{"type":"Point","coordinates":[2.3623079,48.8789208]},"type":"Feature","properties":{"database_ref":"OSM","layer":"metro","type":"node","database_id":"326309672"}}
{"_id":{"$oid":"5453b63455474a3362317420"},"geometry":{"type":"Point","coordinates":[2.354899,48.8800091]},"type":"Feature","properties":{"database_ref":"OSM","layer":"metro","type":"node","database_id":"264508125"}}
{"_id":{"$oid":"5453b63455474a336231742f"},"geometry":{"type":"Point","coordinates":[2.3251637,48.8700644]},"type":"Feature","properties":{"database_ref":"OSM","layer":"metro","type":"node","database_id":"264117312"}}
{"_id":{"$oid":"5453b63455474a336231747e"},"geometry":{"type":"Point","coordinates":[2.3866995,48.8472696]},"type":"Feature","properties":{"database_ref":"OSM","layer":"metro","type":"node","database_id":"27371892"}}
{"_id":{"$oid":"5453b63455474a3362317499"},"geometry":{"type":"Point","coordinates":[2.3053664,48.9038952]},"type":"Feature","properties":{"database_ref":"OSM","layer":"metro","type":"node","database_id":"261611470"}}
{"_id":{"$oid":"5453b63455474a33623174b5"},"geometry":{"type":"Point","coordinates":[2.4013757,48.8518166]},"type":"Feature","properties":{"database_ref":"OSM","layer":"metro","type":"node","database_id":"243486950"}}
{"_id":{"$oid":"5453b63455474a3362317527"},"geometry":{"type":"Point","coordinates":[2.3710617,48.8700162]},"type":"Feature","properties":{"database_ref":"OSM","layer":"metro","type":"node","database_id":"264591604"}}
{"_id":{"$oid":"5453b63455474a336231752e"},"geometry":{"type":"Point","coordinates":[2.3385532,48.8760654]},"type":"Feature","properties":{"database_ref":"OSM","layer":"metro","type":"node","database_id":"264495078"}}
{"_id":{"$oid":"5453b63455474a3362317538"},"geometry":{"type":"Point","coordinates":[2.332631,48.8763705]},"type":"Feature","properties":{"database_ref":"OSM","layer":"metro","type":"node","database_id":"264495077"}}
{"_id":{"$oid":"5453b63455474a336231753e"},"geometry":{"type":"Point","coordinates":[2.3395091,48.8720176]},"type":"Feature","properties":{"database_ref":"OSM","layer":"metro","type":"node","database_id":"256897080"}}
{"_id":{"$oid":"5453b63455474a3362317542"},"geometry":{"type":"Point","coordinates":[2.3563841,48.9301278]},"type":"Feature","properties":{"database_ref":"OSM","layer":"metro","type":"node","database_id":"331523267"}}
{"_id":{"$oid":"5453b63455474a336231755d"},"geometry":{"type":"Point","coordinates":[2.3558518,48.8723097]},"type":"Feature","properties":{"database_ref":"OSM","layer":"metro","type":"node","database_id":"264512252"}}
{"_id":{"$oid":"5453b63455474a3362317590"},"geometry":{"type":"Point","coordinates":[2.3429933,48.9196049]},"type":"Feature","properties":{"database_ref":"OSM","layer":"metro","type":"node","database_id":"313430306"}}
{"_id":{"$oid":"5453b63455474a33623175e0"},"geometry":{"type":"Point","coordinates":[2.4162842,48.8797387]},"type":"Feature","properties":{"database_ref":"OSM","layer":"metro","type":"node","database_id":"264795933"}}
{"_id":{"$oid":"5453b63455474a33623175e5"},"geometry":{"type":"Point","coordinates":[2.3223081,48.8787548]},"type":"Feature","properties":{"database_ref":"OSM","layer":"metro","type":"node","database_id":"1981222779"}}
{"_id":{"$oid":"5453b63455474a3362317661"},"geometry":{"type":"Point","coordinates":[2.3854377,48.8974296]},"type":"Feature","properties":{"database_ref":"OSM","layer":"metro","type":"node","database_id":"264778142"}}
{"_id":{"$oid":"5453b63455474a336231776c"},"geometry":{"type":"Point","coordinates":[2.3659107,48.846474]},"type":"Feature","properties":{"database_ref":"OSM","layer":"metro","type":"node","database_id":"258068724"}}
{"_id":{"$oid":"5453b63455474a3362317780"},"geometry":{"type":"Point","coordinates":[2.3151577,48.8568058]},"type":"Feature","properties":{"database_ref":"OSM","layer":"metro","type":"node","database_id":"245250759"}}
{"_id":{"$oid":"5453b63455474a3362317781"},"geometry":{"type":"Point","coordinates":[2.3143901,48.8514]},"type":"Feature","properties":{"database_ref":"OSM","layer":"metro","type":"node","database_id":"245250758"}}
{"_id":{"$oid":"5453b63455474a3362317782"},"geometry":{"type":"Point","coordinates":[2.3166512,48.8468543]},"type":"Feature","properties":{"database_ref":"OSM","layer":"metro","type":"node","database_id":"245250755"}}
{"_id":{"$oid":"5453b63455474a3362317788"},"geometry":{"type":"Point","coordinates":[2.3443344,48.8829026]},"type":"Feature","properties":{"database_ref":"OSM","layer":"metro","type":"node","database_id":"243494998"}}
{"_id":{"$oid":"5453b63455474a336231783d"},"geometry":{"type":"Point","coordinates":[2.2493898,48.8882286]},"type":"Feature","properties":{"database_ref":"OSM","layer":"metro","type":"node","database_id":"27332092"}}
{"_id":{"$oid":"5453b63455474a3362317868"},"geometry":{"type":"Point","coordinates":[2.3496679,48.8915769]},"type":"Feature","properties":{"database_ref":"OSM","layer":"metro","type":"node","database_id":"1481147746"}}
{"_id":{"$oid":"5453b63455474a3362317873"},"geometry":{"type":"Point","coordinates":[2.3853565,48.8547441]},"type":"Feature","properties":{"database_ref":"OSM","layer":"metro","type":"node","database_id":"256443438"}}
{"_id":{"$oid":"5453b63455474a3362317884"},"geometry":{"type":"Point","coordinates":[2.2966299,48.8373212]},"type":"Feature","properties":{"database_ref":"OSM","layer":"metro","type":"node","database_id":"134305198"}}
{"_id":{"$oid":"5453b63455474a3362317888"},"geometry":{"type":"Point","coordinates":[2.2884024,48.8326135]},"type":"Feature","properties":{"database_ref":"OSM","layer":"metro","type":"node","database_id":"134305192"}}
{"_id":{"$oid":"5453b63455474a33623178b3"},"geometry":{"type":"Point","coordinates":[2.2577697,48.8856101]},"type":"Feature","properties":{"database_ref":"OSM","layer":"metro","type":"node","database_id":"27333361"}}
{"_id":{"$oid":"5453b63455474a33623178b7"},"geometry":{"type":"Point","coordinates":[2.3311829,48.8514725]},"type":"Feature","properties":{"database_ref":"OSM","layer":"metro","type":"node","database_id":"324352448"}}
{"_id":{"$oid":"5453b63455474a33623178c1"},"geometry":{"type":"Point","coordinates":[2.3409358,48.8607697]},"type":"Feature","properties":{"database_ref":"OSM","layer":"metro","type":"node","database_id":"27362260"}}
{"_id":{"$oid":"5453b63455474a33623178ce"},"geometry":{"type":"Point","coordinates":[2.4025577,48.891198]},"type":"Feature","properties":{"database_ref":"OSM","layer":"metro","type":"node","database_id":"264772862"}}
{"_id":{"$oid":"5453b63455474a33623178cf"},"geometry":{"type":"Point","coordinates":[2.3927045,48.8885434]},"type":"Feature","properties":{"database_ref":"OSM","layer":"metro","type":"node","database_id":"264772861"}}
{"_id":{"$oid":"5453b63455474a33623178ec"},"geometry":{"type":"Point","coordinates":[2.3454617,48.8508926]},"type":"Feature","properties":{"database_ref":"OSM","layer":"metro","type":"node","database_id":"260078622"}}
{"_id":{"$oid":"5453b63455474a3362317964"},"geometry":{"type":"Point","coordinates":[2.3155318,48.8812626]},"type":"Feature","properties":{"database_ref":"OSM","layer":"metro","type":"node","database_id":"243496029"}}
{"_id":{"$oid":"5453b63455474a3362317965"},"geometry":{"type":"Point","coordinates":[2.322122,48.8824462]},"type":"Feature","properties":{"database_ref":"OSM","layer":"metro","type":"node","database_id":"243496028"}}
{"_id":{"$oid":"5453b63455474a3362317969"},"geometry":{"type":"Point","coordinates":[2.3373703,48.8823612]},"type":"Feature","properties":{"database_ref":"OSM","layer":"metro","type":"node","database_id":"243496024"}}
{"_id":{"$oid":"5453b63455474a336231796a"},"geometry":{"type":"Point","coordinates":[2.3590959,48.936826]},"type":"Feature","properties":{"database_ref":"OSM","layer":"metro","type":"node","database_id":"331524250"}}
{"_id":{"$oid":"5453b63455474a33623179b4"},"geometry":{"type":"Point","coordinates":[2.4398829,48.8444696]},"type":"Feature","properties":{"database_ref":"OSM","layer":"metro","type":"node","database_id":"241928757"}}
{"_id":{"$oid":"5453b63455474a33623179fc"},"geometry":{"type":"Point","coordinates":[2.2948689,48.9162246]},"type":"Feature","properties":{"database_ref":"OSM","layer":"metro","type":"node","database_id":"249524554"}}
{"_id":{"$oid":"5453b63455474a3362317a15"},"geometry":{"type":"Point","coordinates":[2.4136458,48.8214689]},"type":"Feature","properties":{"database_ref":"OSM","layer":"metro","type":"node","database_id":"300877457"}}
{"_id":{"$oid":"5453b63455474a3362317a1a"},"geometry":{"type":"Point","coordinates":[2.3254192,48.8754744]},"type":"Feature","properties":{"database_ref":"OSM","layer":"metro","type":"node","database_id":"243510338"}}
{"_id":{"$oid":"5453b63455474a3362317a25"},"geometry":{"type":"Point","coordinates":[2.3222085,48.8385876]},"type":"Feature","properties":{"database_ref":"OSM","layer":"metro","type":"node","database_id":"264704365"}}
{"_id":{"$oid":"5453b63455474a3362317a2f"},"geometry":{"type":"Point","coordinates":[2.3447674,48.8973767]},"type":"Feature","properties":{"database_ref":"OSM","layer":"metro","type":"node","database_id":"264506165"}}
{"_id":{"$oid":"5453b63455474a3362317a64"},"geometry":{"type":"Point","coordinates":[2.3524557,48.866302]},"type":"Feature","properties":{"database_ref":"OSM","layer":"metro","type":"node","database_id":"243507794"}}
{"_id":{"$oid":"5453b63455474a3362317a86"},"geometry":{"type":"Point","coordinates":[2.3201235,48.890517]},"type":"Feature","properties":{"database_ref":"OSM","layer":"metro","type":"node","database_id":"261611884"}}
{"_id":{"$oid":"5453b63455474a3362317ac8"},"geometry":{"type":"Point","coordinates":[2.3012613,48.8718025]},"type":"Feature","properties":{"database_ref":"OSM","layer":"metro","type":"node","database_id":"27362249"}}
{"_id":{"$oid":"5453b63455474a3362317acc"},"geometry":{"type":"Point","coordinates":[2.2891932,48.875713]},"type":"Feature","properties":{"database_ref":"OSM","layer":"metro","type":"node","database_id":"27362240"}}
{"_id":{"$oid":"5453b63455474a3362317af9"},"geometry":{"type":"Point","coordinates":[2.3286613,48.8452766]},"type":"Feature","properties":{"database_ref":"OSM","layer":"metro","type":"node","database_id":"263499471"}}
{"_id":{"$oid":"5453b63455474a3362317afb"},"geometry":{"type":"Point","coordinates":[2.3443983,48.8924166]},"type":"Feature","properties":{"database_ref":"OSM","layer":"metro","type":"node","database_id":"264505450"}}
{"_id":{"$oid":"5453b63455474a3362317ba9"},"geometry":{"type":"Point","coordinates":[2.3588519,48.8356584]},"type":"Feature","properties":{"database_ref":"OSM","layer":"metro","type":"node","database_id":"265055750"}}
{"_id":{"$oid":"5453b63455474a3362317bc0"},"geometry":{"type":"Point","coordinates":[2.3563464,48.8654878]},"type":"Feature","properties":{"database_ref":"OSM","layer":"metro","type":"node","database_id":"243507793"}}
{"_id":{"$oid":"5453b63455474a3362317bcc"},"geometry":{"type":"Point","coordinates":[2.3322642999999954,48.87076929999996]},"type":"Feature","properties":{"database_ref":"OSM","layer":"metro","type":"node","database_id":"312"}}
{"_id":{"$oid":"5453b63455474a3362317bcf"},"geometry":{"type":"Point","coordinates":[2.3747542,48.8652193]},"type":"Feature","properties":{"database_ref":"OSM","layer":"metro","type":"node","database_id":"243507790"}}
{"_id":{"$oid":"5453b63455474a3362317c32"},"geometry":{"type":"Point","coordinates":[2.3535761,48.861274]},"type":"Feature","properties":{"database_ref":"OSM","layer":"metro","type":"node","database_id":"264592424"}}
{"_id":{"$oid":"5453b63455474a3362317cc9"},"geometry":{"type":"Point","coordinates":[2.3035538,48.8792625]},"type":"Feature","properties":{"database_ref":"OSM","layer":"metro","type":"node","database_id":"2066488458"}}
{"_id":{"$oid":"5453b63455474a3362317db7"},"geometry":{"type":"Point","coordinates":[2.3137075,48.8678333]},"type":"Feature","properties":{"database_ref":"OSM","layer":"metro","type":"node","database_id":"282635141"}}
{"_id":{"$oid":"5453b63455474a3362317ddd"},"geometry":{"type":"Point","coordinates":[2.2780859,48.8640063]},"type":"Feature","properties":{"database_ref":"OSM","layer":"metro","type":"node","database_id":"260767423"}}
{"_id":{"$oid":"5453b63455474a3362317dde"},"geometry":{"type":"Point","coordinates":[2.2937783,48.8646725]},"type":"Feature","properties":{"database_ref":"OSM","layer":"metro","type":"node","database_id":"260767422"}}
{"_id":{"$oid":"5453b63455474a3362317ddf"},"geometry":{"type":"Point","coordinates":[2.2702166,48.8555764]},"type":"Feature","properties":{"database_ref":"OSM","layer":"metro","type":"node","database_id":"260767425"}}
{"_id":{"$oid":"5453b63455474a3362317de0"},"geometry":{"type":"Point","coordinates":[2.2741958,48.8580816]},"type":"Feature","properties":{"database_ref":"OSM","layer":"metro","type":"node","database_id":"260767424"}}
{"_id":{"$oid":"5453b63455474a3362317de1"},"geometry":{"type":"Point","coordinates":[2.2641872,48.8480038]},"type":"Feature","properties":{"database_ref":"OSM","layer":"metro","type":"node","database_id":"260767427"}}
{"_id":{"$oid":"5453b63455474a3362317de2"},"geometry":{"type":"Point","coordinates":[2.2681802,48.8525598]},"type":"Feature","properties":{"database_ref":"OSM","layer":"metro","type":"node","database_id":"260767426"}}
{"_id":{"$oid":"5453b63455474a3362317de3"},"geometry":{"type":"Point","coordinates":[2.2600472,48.8430044]},"type":"Feature","properties":{"database_ref":"OSM","layer":"metro","type":"node","database_id":"260767429"}}
{"_id":{"$oid":"5453b63455474a3362317de4"},"geometry":{"type":"Point","coordinates":[2.2618802,48.8452505]},"type":"Feature","properties":{"database_ref":"OSM","layer":"metro","type":"node","database_id":"260767428"}}
{"_id":{"$oid":"5453b63455474a3362317df4"},"geometry":{"type":"Point","coordinates":[2.3705298,48.8566177]},"type":"Feature","properties":{"database_ref":"OSM","layer":"metro","type":"node","database_id":"264769296"}}
{"_id":{"$oid":"5453b63455474a3362317dff"},"geometry":{"type":"Point","coordinates":[2.3061015,48.8546428]},"type":"Feature","properties":{"database_ref":"OSM","layer":"metro","type":"node","database_id":"264469541"}}
{"_id":{"$oid":"5453b63455474a3362317e02"},"geometry":{"type":"Point","coordinates":[2.333328,48.8536264]},"type":"Feature","properties":{"database_ref":"OSM","layer":"metro","type":"node","database_id":"264519782"}}
{"_id":{"$oid":"5453b63455474a3362317e1e"},"geometry":{"type":"Point","coordinates":[2.3798044,48.858158]},"type":"Feature","properties":{"database_ref":"OSM","layer":"metro","type":"node","database_id":"256895321"}}
{"_id":{"$oid":"5453b63455474a3362317e7b"},"geometry":{"type":"Point","coordinates":[2.3196172,48.8183903]},"type":"Feature","properties":{"database_ref":"OSM","layer":"metro","type":"node","database_id":"2188235051"}}
{"_id":{"$oid":"5453b63455474a3362317ea0"},"geometry":{"type":"Point","coordinates":[2.2794048,48.8270162]},"type":"Feature","properties":{"database_ref":"OSM","layer":"metro","type":"node","database_id":"134299013"}}
{"_id":{"$oid":"5453b63455474a3362317ec2"},"geometry":{"type":"Point","coordinates":[2.3256961,48.8874127]},"type":"Feature","properties":{"database_ref":"OSM","layer":"metro","type":"node","database_id":"261612240"}}
{"_id":{"$oid":"5453b63455474a3362317edf"},"geometry":{"type":"Point","coordinates":[2.4057278,48.8266498]},"type":"Feature","properties":{"database_ref":"OSM","layer":"metro","type":"node","database_id":"264482296"}}
{"_id":{"$oid":"5453b63455474a3362317f11"},"geometry":{"type":"Point","coordinates":[2.3695694,48.8641314]},"type":"Feature","properties":{"database_ref":"OSM","layer":"metro","type":"node","database_id":"256896059"}}
{"_id":{"$oid":"5453b63455474a3362317f59"},"geometry":{"type":"Point","coordinates":[2.4010776,48.8450642]},"type":"Feature","properties":{"database_ref":"OSM","layer":"metro","type":"node","database_id":"264490283"}}
{"_id":{"$oid":"5453b63455474a3362318054"},"geometry":{"type":"Point","coordinates":[2.3289966,48.8421852]},"type":"Feature","properties":{"database_ref":"OSM","layer":"metro","type":"node","database_id":"264526095"}}
{"_id":{"$oid":"5453b63455474a33623180c4"},"geometry":{"type":"Point","coordinates":[2.2870524,48.8630266]},"type":"Feature","properties":{"database_ref":"OSM","layer":"metro","type":"node","database_id":"260765389"}}
{"_id":{"$oid":"5453b63455474a33623180c5"},"geometry":{"type":"Point","coordinates":[2.2902715,48.8669099]},"type":"Feature","properties":{"database_ref":"OSM","layer":"metro","type":"node","database_id":"260765387"}}
{"_id":{"$oid":"5453b63455474a33623180c6"},"geometry":{"type":"Point","coordinates":[2.2935098,48.871677]},"type":"Feature","properties":{"database_ref":"OSM","layer":"metro","type":"node","database_id":"260765385"}}
{"_id":{"$oid":"5453b63455474a3362318140"},"geometry":{"type":"Point","coordinates":[2.3374732,48.8784508]},"type":"Feature","properties":{"database_ref":"OSM","layer":"metro","type":"node","database_id":"264504832"}}
{"_id":{"$oid":"5453b63455474a336231819a"},"geometry":{"type":"Point","coordinates":[2.3100827,48.8723362]},"type":"Feature","properties":{"database_ref":"OSM","layer":"metro","type":"node","database_id":"260769651"}}
{"_id":{"$oid":"5453b63455474a33623181a0"},"geometry":{"type":"Point","coordinates":[2.3145456,48.8736768]},"type":"Feature","properties":{"database_ref":"OSM","layer":"metro","type":"node","database_id":"260769652"}}
{"_id":{"$oid":"5453b63455474a33623181ef"},"geometry":{"type":"Point","coordinates":[2.4347211,48.8090371]},"type":"Feature","properties":{"database_ref":"OSM","layer":"metro","type":"node","database_id":"300870186"}}
{"_id":{"$oid":"5453b63455474a3362318206"},"geometry":{"type":"Point","coordinates":[2.3585049,48.8225268]},"type":"Feature","properties":{"database_ref":"OSM","layer":"metro","type":"node","database_id":"268467526"}}
{"_id":{"$oid":"5453b63455474a33623182b0"},"geometry":{"type":"Point","coordinates":[2.4013152,48.8680997]},"type":"Feature","properties":{"database_ref":"OSM","layer":"metro","type":"node","database_id":"264796182"}}
{"_id":{"$oid":"5453b63455474a33623182b6"},"geometry":{"type":"Point","coordinates":[2.3029524,48.8475338]},"type":"Feature","properties":{"database_ref":"OSM","layer":"metro","type":"node","database_id":"34909171"}}
{"_id":{"$oid":"5453b63455474a33623182b7"},"geometry":{"type":"Point","coordinates":[2.2988351,48.8487832]},"type":"Feature","properties":{"database_ref":"OSM","layer":"metro","type":"node","database_id":"34909170"}}
{"_id":{"$oid":"5453b63455474a33623182c5"},"geometry":{"type":"Point","coordinates":[2.3402103,48.8749537]},"type":"Feature","properties":{"database_ref":"OSM","layer":"metro","type":"node","database_id":"264780946"}}
{"_id":{"$oid":"5453b63455474a33623182d0"},"geometry":{"type":"Point","coordinates":[2.3146743,48.8627572]},"type":"Feature","properties":{"database_ref":"OSM","layer":"metro","type":"node","database_id":"264473695"}}
{"_id":{"$oid":"5453b63455474a33623182f7"},"geometry":{"type":"Point","coordinates":[2.4063451,48.8354584]},"type":"Feature","properties":{"database_ref":"OSM","layer":"metro","type":"node","database_id":"264482297"}}
{"_id":{"$oid":"5453b63455474a33623182fa"},"geometry":{"type":"Point","coordinates":[2.2686743,48.8473202]},"type":"Feature","properties":{"database_ref":"OSM","layer":"metro","type":"node","database_id":"264534683"}}
{"_id":{"$oid":"5453b63455474a3362318304"},"geometry":{"type":"Point","coordinates":[2.2893959,48.8538982]},"type":"Feature","properties":{"database_ref":"OSM","layer":"metro","type":"node","database_id":"338930214"}}
{"_id":{"$oid":"5453b63455474a3362318339"},"geometry":{"type":"Point","coordinates":[2.3989811,48.8322556]},"type":"Feature","properties":{"database_ref":"OSM","layer":"metro","type":"node","database_id":"264491320"}}
{"_id":{"$oid":"5453b63455474a3362318360"},"geometry":{"type":"Point","coordinates":[2.3759944,48.8511945]},"type":"Feature","properties":{"database_ref":"OSM","layer":"metro","type":"node","database_id":"264480784"}}
{"_id":{"$oid":"5453b63455474a336231836a"},"geometry":{"type":"Point","coordinates":[2.3767001,48.8904888]},"type":"Feature","properties":{"database_ref":"OSM","layer":"metro","type":"node","database_id":"264776029"}}
{"_id":{"$oid":"5453b63455474a336231836b"},"geometry":{"type":"Point","coordinates":[2.3740693,48.8885069]},"type":"Feature","properties":{"database_ref":"OSM","layer":"metro","type":"node","database_id":"264776028"}}
{"_id":{"$oid":"5453b63455474a33623183d2"},"geometry":{"type":"Point","coordinates":[2.4166605,48.8652545]},"type":"Feature","properties":{"database_ref":"OSM","layer":"metro","type":"node","database_id":"243507233"}}
{"_id":{"$oid":"5453b63455474a33623183fa"},"geometry":{"type":"Point","coordinates":[2.3471977,48.8551566]},"type":"Feature","properties":{"database_ref":"OSM","layer":"metro","type":"node","database_id":"264514896"}}
{"_id":{"$oid":"5453b63455474a3362318475"},"geometry":{"type":"Point","coordinates":[2.3622359,48.810328]},"type":"Feature","properties":{"database_ref":"OSM","layer":"metro","type":"node","database_id":"318537042"}}
{"_id":{"$oid":"5453b63455474a33623184c6"},"geometry":{"type":"Point","coordinates":[2.3320476,48.9061915]},"type":"Feature","properties":{"database_ref":"OSM","layer":"metro","type":"node","database_id":"265060965"}}
{"_id":{"$oid":"5453b63455474a3362318553"},"geometry":{"type":"Point","coordinates":[2.4072293,48.8474233]},"type":"Feature","properties":{"database_ref":"OSM","layer":"metro","type":"node","database_id":"27371900"}}
{"_id":{"$oid":"5453b63455474a3362318658"},"geometry":{"type":"Point","coordinates":[2.3267159,48.8514587]},"type":"Feature","properties":{"database_ref":"OSM","layer":"metro","type":"node","database_id":"261162833"}}
{"_id":{"$oid":"5453b63455474a336231868f"},"geometry":{"type":"Point","coordinates":[2.3102891,48.8575837]},"type":"Feature","properties":{"database_ref":"OSM","layer":"metro","type":"node","database_id":"264473011"}}
{"_id":{"$oid":"5453b63455474a3362318743"},"geometry":{"type":"Point","coordinates":[2.3614233,48.8666345]},"type":"Feature","properties":{"database_ref":"OSM","layer":"metro","type":"node","database_id":"243507792"}}
{"_id":{"$oid":"5453b63455474a3362318746"},"geometry":{"type":"Point","coordinates":[2.3641177,48.8675846]},"type":"Feature","properties":{"database_ref":"OSM","layer":"metro","type":"node","database_id":"243507791"}}
{"_id":{"$oid":"5453b63455474a336231874a"},"geometry":{"type":"Point","coordinates":[2.3463248,48.8676419]},"type":"Feature","properties":{"database_ref":"OSM","layer":"metro","type":"node","database_id":"243507795"}}
{"_id":{"$oid":"5453b63455474a33623187b6"},"geometry":{"type":"Point","coordinates":[2.3441565,48.8759682]},"type":"Feature","properties":{"database_ref":"OSM","layer":"metro","type":"node","database_id":"264780947"}}
{"_id":{"$oid":"5453b63455474a3362318870"},"geometry":{"type":"Point","coordinates":[2.3517801,48.8406731]},"type":"Feature","properties":{"database_ref":"OSM","layer":"metro","type":"node","database_id":"264789025"}}
{"_id":{"$oid":"5453b63455474a3362318877"},"geometry":{"type":"Point","coordinates":[2.3016518,48.810815]},"type":"Feature","properties":{"database_ref":"OSM","layer":"metro","type":"node","database_id":"12388528"}}
{"_id":{"$oid":"5453b63455474a336231894a"},"geometry":{"type":"Point","coordinates":[2.2836436,48.9305465]},"type":"Feature","properties":{"database_ref":"OSM","layer":"metro","type":"node","database_id":"269337982"}}
{"_id":{"$oid":"5453b63455474a336231894b"},"geometry":{"type":"Point","coordinates":[2.2862019,48.9231172]},"type":"Feature","properties":{"database_ref":"OSM","layer":"metro","type":"node","database_id":"269337980"}}
{"_id":{"$oid":"5453b63455474a3362318a14"},"geometry":{"type":"Point","coordinates":[2.4133209,48.8932382]},"type":"Feature","properties":{"database_ref":"OSM","layer":"metro","type":"node","database_id":"330026020"}}
{"_id":{"$oid":"5453b63455474a3362318a64"},"geometry":{"type":"Point","coordinates":[2.3256282,48.82288]},"type":"Feature","properties":{"database_ref":"OSM","layer":"metro","type":"node","database_id":"220289379"}}
{"_id":{"$oid":"5453b63455474a3362318ae9"},"geometry":{"type":"Point","coordinates":[2.2982623,48.8847948]},"type":"Feature","properties":{"database_ref":"OSM","layer":"metro","type":"node","database_id":"243510680"}}
{"_id":{"$oid":"5453b63455474a3362318aea"},"geometry":{"type":"Point","coordinates":[2.2926417,48.8856871]},"type":"Feature","properties":{"database_ref":"OSM","layer":"metro","type":"node","database_id":"243510681"}}
{"_id":{"$oid":"5453b63455474a3362318bae"},"geometry":{"type":"Point","coordinates":[2.3394266,48.8521785]},"type":"Feature","properties":{"database_ref":"OSM","layer":"metro","type":"node","database_id":"260079008"}}
{"_id":{"$oid":"5453b63455474a3362318bd0"},"geometry":{"type":"Point","coordinates":[2.3686313,48.8531361]},"type":"Feature","properties":{"database_ref":"OSM","layer":"metro","type":"node","database_id":"264480619"}}
{"_id":{"$oid":"5453b63455474a3362318be9"},"geometry":{"type":"Point","coordinates":[2.4357587,48.857946]},"type":"Feature","properties":{"database_ref":"OSM","layer":"metro","type":"node","database_id":"255160720"}}
{"_id":{"$oid":"5453b63455474a3362318bea"},"geometry":{"type":"Point","coordinates":[2.441569,48.8625988]},"type":"Feature","properties":{"database_ref":"OSM","layer":"metro","type":"node","database_id":"255160722"}}
{"_id":{"$oid":"5453b63455474a3362318cb2"},"geometry":{"type":"Point","coordinates":[2.4466949,48.8024711]},"type":"Feature","properties":{"database_ref":"OSM","layer":"metro","type":"node","database_id":"300870034"}}
{"_id":{"$oid":"5453b63455474a3362318cd4"},"geometry":{"type":"Point","coordinates":[2.2852229,48.8921077]},"type":"Feature","properties":{"database_ref":"OSM","layer":"metro","type":"node","database_id":"255000799"}}
{"_id":{"$oid":"5453b63455474a3362318cf2"},"geometry":{"type":"Point","coordinates":[2.349272,48.8772835]},"type":"Feature","properties":{"database_ref":"OSM","layer":"metro","type":"node","database_id":"264775805"}}
{"_id":{"$oid":"5453b63455474a3362318d02"},"geometry":{"type":"Point","coordinates":[2.3655037,48.8423263]},"type":"Feature","properties":{"database_ref":"OSM","layer":"metro","type":"node","database_id":"2600408291"}}
{"_id":{"$oid":"5453b63455474a3362318d17"},"geometry":{"type":"Point","coordinates":[2.2854485,48.8698038]},"type":"Feature","properties":{"database_ref":"OSM","layer":"metro","type":"node","database_id":"243496728"}}
{"_id":{"$oid":"5453b63455474a3362318d1c"},"geometry":{"type":"Point","coordinates":[2.2768954,48.8714638]},"type":"Feature","properties":{"database_ref":"OSM","layer":"metro","type":"node","database_id":"243496729"}}
{"_id":{"$oid":"5453b63455474a3362318d1d"},"geometry":{"type":"Point","coordinates":[2.2784,48.8363894]},"type":"Feature","properties":{"database_ref":"OSM","layer":"metro","type":"node","database_id":"260231828"}}
{"_id":{"$oid":"5453b63455474a3362318dab"},"geometry":{"type":"Point","coordinates":[2.3899525,48.8444003]},"type":"Feature","properties":{"database_ref":"OSM","layer":"metro","type":"node","database_id":"264481854"}}
{"_id":{"$oid":"5453b63455474a3362318dd5"},"geometry":{"type":"Point","coordinates":[2.4491919,48.9064052]},"type":"Feature","properties":{"database_ref":"OSM","layer":"metro","type":"node","database_id":"1771632724"}}
{"_id":{"$oid":"5453b63455474a3362318e39"},"geometry":{"type":"Point","coordinates":[2.3602786,48.8844216]},"type":"Feature","properties":{"database_ref":"OSM","layer":"metro","type":"node","database_id":"329096792"}}
{"_id":{"$oid":"5453b63455474a3362318e87"},"geometry":{"type":"Point","coordinates":[2.3622044,48.851263]},"type":"Feature","properties":{"database_ref":"OSM","layer":"metro","type":"node","database_id":"264785951"}}
{"_id":{"$oid":"5453b63455474a3362318e89"},"geometry":{"type":"Point","coordinates":[2.3570872,48.8535245]},"type":"Feature","properties":{"database_ref":"OSM","layer":"metro","type":"node","database_id":"264785952"}}
{"_id":{"$oid":"5453b63455474a3362318ea3"},"geometry":{"type":"Point","coordinates":[2.3549579,48.8460116]},"type":"Feature","properties":{"database_ref":"OSM","layer":"metro","type":"node","database_id":"260040968"}}
{"_id":{"$oid":"5453b63455474a3362318ea9"},"geometry":{"type":"Point","coordinates":[2.2821427,48.838745]},"type":"Feature","properties":{"database_ref":"OSM","layer":"metro","type":"node","database_id":"260231831"}}
{"_id":{"$oid":"5453b63455474a3362318eb4"},"geometry":{"type":"Point","coordinates":[2.3555589,48.8314217]},"type":"Feature","properties":{"database_ref":"OSM","layer":"metro","type":"node","database_id":"235371392"}}
{"_id":{"$oid":"5453b63455474a3362318eb8"},"geometry":{"type":"Point","coordinates":[2.3628662,48.8331919]},"type":"Feature","properties":{"database_ref":"OSM","layer":"metro","type":"node","database_id":"235371394"}}
{"_id":{"$oid":"5453b63455474a3362318eb9"},"geometry":{"type":"Point","coordinates":[2.3680926,48.8349482]},"type":"Feature","properties":{"database_ref":"OSM","layer":"metro","type":"node","database_id":"235371395"}}
{"_id":{"$oid":"5453b63455474a3362318fa0"},"geometry":{"type":"Point","coordinates":[2.3729129,48.837075]},"type":"Feature","properties":{"database_ref":"OSM","layer":"metro","type":"node","database_id":"235374383"}}
{"_id":{"$oid":"5453b63455474a3362318fdf"},"geometry":{"type":"Point","coordinates":[2.2387333,48.8420002]},"type":"Feature","properties":{"database_ref":"OSM","layer":"metro","type":"node","database_id":"264539964"}}
{"_id":{"$oid":"5453b63455474a3362318fe7"},"geometry":{"type":"Point","coordinates":[2.3799581,48.8401067]},"type":"Feature","properties":{"database_ref":"OSM","layer":"metro","type":"node","database_id":"260762540"}}
{"_id":{"$oid":"5453b63455474a3362319021"},"geometry":{"type":"Point","coordinates":[2.383979,48.8109282]},"type":"Feature","properties":{"database_ref":"OSM","layer":"metro","type":"node","database_id":"472985886"}}
{"_id":{"$oid":"5453b63455474a3362319023"},"geometry":{"type":"Point","coordinates":[2.3693224,48.8216697]},"type":"Feature","properties":{"database_ref":"OSM","layer":"metro","type":"node","database_id":"472985884"}}
{"_id":{"$oid":"5453b63455474a3362319024"},"geometry":{"type":"Point","coordinates":[2.3773455,48.8159011]},"type":"Feature","properties":{"database_ref":"OSM","layer":"metro","type":"node","database_id":"472985885"}}
{"_id":{"$oid":"5453b63455474a3362319026"},"geometry":{"type":"Point","coordinates":[2.3647992,48.8201086]},"type":"Feature","properties":{"database_ref":"OSM","layer":"metro","type":"node","database_id":"472985883"}}
{"_id":{"$oid":"5453b63455474a3362319078"},"geometry":{"type":"Point","coordinates":[2.367997,48.8575371]},"type":"Feature","properties":{"database_ref":"OSM","layer":"metro","type":"node","database_id":"264479775"}}
{"_id":{"$oid":"5453b63455474a336231907e"},"geometry":{"type":"Point","coordinates":[2.3703263,48.8825949]},"type":"Feature","properties":{"database_ref":"OSM","layer":"metro","type":"node","database_id":"1997722992"}}
{"_id":{"$oid":"5453b63455474a33623190c2"},"geometry":{"type":"Point","coordinates":[2.3833323,48.86649]},"type":"Feature","properties":{"database_ref":"OSM","layer":"metro","type":"node","database_id":"243490761"}}
{"_id":{"$oid":"5453b63455474a33623190c3"},"geometry":{"type":"Point","coordinates":[2.3873271,48.8629761]},"type":"Feature","properties":{"database_ref":"OSM","layer":"metro","type":"node","database_id":"243490762"}}
{"_id":{"$oid":"5453b63455474a33623190c4"},"geometry":{"type":"Point","coordinates":[2.3901333,48.8582526]},"type":"Feature","properties":{"database_ref":"OSM","layer":"metro","type":"node","database_id":"243490763"}}
{"_id":{"$oid":"5453b63455474a33623190c5"},"geometry":{"type":"Point","coordinates":[2.3945621,48.856264]},"type":"Feature","properties":{"database_ref":"OSM","layer":"metro","type":"node","database_id":"243490764"}}
{"_id":{"$oid":"5453b63455474a33623190e1"},"geometry":{"type":"Point","coordinates":[2.3727163,48.8457111]},"type":"Feature","properties":{"database_ref":"OSM","layer":"metro","type":"node","database_id":"27371889"}}
{"_id":{"$oid":"5453b63455474a3362319100"},"geometry":{"type":"Point","coordinates":[2.3140252,48.8317799]},"type":"Feature","properties":{"database_ref":"OSM","layer":"metro","type":"node","database_id":"264712432"}}
{"_id":{"$oid":"5453b63455474a3362319102"},"geometry":{"type":"Point","coordinates":[2.3180764,48.8339551]},"type":"Feature","properties":{"database_ref":"OSM","layer":"metro","type":"node","database_id":"264712433"}}
{"_id":{"$oid":"5453b63455474a3362319103"},"geometry":{"type":"Point","coordinates":[2.3896778,48.8389924]},"type":"Feature","properties":{"database_ref":"OSM","layer":"metro","type":"node","database_id":"260762378"}}
{"_id":{"$oid":"5453b63455474a3362319104"},"geometry":{"type":"Point","coordinates":[2.3958919,48.8395253]},"type":"Feature","properties":{"database_ref":"OSM","layer":"metro","type":"node","database_id":"260762379"}}
{"_id":{"$oid":"5453b63455474a3362319112"},"geometry":{"type":"Point","coordinates":[2.4492526,48.7963595]},"type":"Feature","properties":{"database_ref":"OSM","layer":"metro","type":"node","database_id":"300867961"}}
{"_id":{"$oid":"5453b63455474a336231911b"},"geometry":{"type":"Point","coordinates":[2.3412605,48.8686692]},"type":"Feature","properties":{"database_ref":"OSM","layer":"metro","type":"node","database_id":"243510334"}}
{"_id":{"$oid":"5453b63455474a336231911c"},"geometry":{"type":"Point","coordinates":[2.3367072,48.8695654]},"type":"Feature","properties":{"database_ref":"OSM","layer":"metro","type":"node","database_id":"243510335"}}
{"_id":{"$oid":"5453b63455474a336231911d"},"geometry":{"type":"Point","coordinates":[2.3322643,48.8707693]},"type":"Feature","properties":{"database_ref":"OSM","layer":"metro","type":"node","database_id":"243510336"}}
{"_id":{"$oid":"5453b63455474a336231911e"},"geometry":{"type":"Point","coordinates":[2.3276269,48.8736019]},"type":"Feature","properties":{"database_ref":"OSM","layer":"metro","type":"node","database_id":"243510337"}}
{"_id":{"$oid":"5453b63455474a33623191b3"},"geometry":{"type":"Point","coordinates":[2.3990216,48.8798987]},"type":"Feature","properties":{"database_ref":"OSM","layer":"metro","type":"node","database_id":"264794353"}}
{"_id":{"$oid":"5453b63455474a33623191b9"},"geometry":{"type":"Point","coordinates":[2.3497042,48.8873214]},"type":"Feature","properties":{"database_ref":"OSM","layer":"metro","type":"node","database_id":"264507100"}}
{"_id":{"$oid":"5453b63455474a33623191e8"},"geometry":{"type":"Point","coordinates":[2.3210551,48.860697]},"type":"Feature","properties":{"database_ref":"OSM","layer":"metro","type":"node","database_id":"263497271"}}
{"_id":{"$oid":"5453b63455474a33623191e9"},"geometry":{"type":"Point","coordinates":[2.3231168,48.8586775]},"type":"Feature","properties":{"database_ref":"OSM","layer":"metro","type":"node","database_id":"263497272"}}
{"_id":{"$oid":"5453b63455474a33623191ff"},"geometry":{"type":"Point","coordinates":[2.3990396,48.8754657]},"type":"Feature","properties":{"database_ref":"OSM","layer":"metro","type":"node","database_id":"264690370"}}
{"_id":{"$oid":"5453b63455474a3362319201"},"geometry":{"type":"Point","coordinates":[2.3852526,48.8738469]},"type":"Feature","properties":{"database_ref":"OSM","layer":"metro","type":"node","database_id":"264690372"}}
{"_id":{"$oid":"5453b63455474a336231925c"},"geometry":{"type":"Point","coordinates":[2.3887914,48.8525808]},"type":"Feature","properties":{"database_ref":"OSM","layer":"metro","type":"node","database_id":"256443205"}}
{"_id":{"$oid":"5453b63455474a3362319267"},"geometry":{"type":"Point","coordinates":[2.4252683,48.8956372]},"type":"Feature","properties":{"database_ref":"OSM","layer":"metro","type":"node","database_id":"330026206"}}
{"_id":{"$oid":"5453b63455474a336231926d"},"geometry":{"type":"Point","coordinates":[2.4106144,48.9207844]},"type":"Feature","properties":{"database_ref":"OSM","layer":"metro","type":"node","database_id":"270244850"}}
{"_id":{"$oid":"5453b63455474a3362319287"},"geometry":{"type":"Point","coordinates":[2.4190317,48.8463309]},"type":"Feature","properties":{"database_ref":"OSM","layer":"metro","type":"node","database_id":"243487863"}}
{"_id":{"$oid":"5453b63455474a336231931f"},"geometry":{"type":"Point","coordinates":[2.3270787,48.8795976]},"type":"Feature","properties":{"database_ref":"OSM","layer":"metro","type":"node","database_id":"331514770"}}
{"_id":{"$oid":"5453b63455474a33623193f7"},"geometry":{"type":"Point","coordinates":[2.3504704,48.8297785]},"type":"Feature","properties":{"database_ref":"OSM","layer":"metro","type":"node","database_id":"235370505"}}
{"_id":{"$oid":"5453b63455474a3362319437"},"geometry":{"type":"Point","coordinates":[2.3611531,48.8707855]},"type":"Feature","properties":{"database_ref":"OSM","layer":"metro","type":"node","database_id":"251387813"}}
{"_id":{"$oid":"5453b63455474a3362319443"},"geometry":{"type":"Point","coordinates":[2.3886032,48.8795817]},"type":"Feature","properties":{"database_ref":"OSM","layer":"metro","type":"node","database_id":"1997722983"}}
{"_id":{"$oid":"5453b63455474a3362319495"},"geometry":{"type":"Point","coordinates":[2.3339725,48.9118944]},"type":"Feature","properties":{"database_ref":"OSM","layer":"metro","type":"node","database_id":"313428413"}}
{"_id":{"$oid":"5453b63455474a33623194b4"},"geometry":{"type":"Point","coordinates":[2.3269249,48.8280605]},"type":"Feature","properties":{"database_ref":"OSM","layer":"metro","type":"node","database_id":"220289382"}}
{"_id":{"$oid":"5453b63455474a33623194f2"},"geometry":{"type":"Point","coordinates":[2.3344599,48.8656737]},"type":"Feature","properties":{"database_ref":"OSM","layer":"metro","type":"node","database_id":"264494507"}}
{"_id":{"$oid":"5453b63455474a3362319527"},"geometry":{"type":"Point","coordinates":[2.3487041,48.8638408]},"type":"Feature","properties":{"database_ref":"OSM","layer":"metro","type":"node","database_id":"264509793"}}
{"_id":{"$oid":"5453b63455474a3362319529"},"geometry":{"type":"Point","coordinates":[2.2803973,48.8971408]},"type":"Feature","properties":{"database_ref":"OSM","layer":"metro","type":"node","database_id":"255161921"}}
{"_id":{"$oid":"5453b63455474a3362319558"},"geometry":{"type":"Point","coordinates":[2.4504803,48.7899066]},"type":"Feature","properties":{"database_ref":"OSM","layer":"metro","type":"node","database_id":"300869611"}}
{"_id":{"$oid":"5453b63455474a33623195a2"},"geometry":{"type":"Point","coordinates":[2.3357457,48.8529427]},"type":"Feature","properties":{"database_ref":"OSM","layer":"metro","type":"node","database_id":"260079322"}}
{"_id":{"$oid":"5453b63455474a3362319630"},"geometry":{"type":"Point","coordinates":[2.3573719,48.8261434]},"type":"Feature","properties":{"database_ref":"OSM","layer":"metro","type":"node","database_id":"268467197"}}
{"_id":{"$oid":"5453b63455474a3362319645"},"geometry":{"type":"Point","coordinates":[2.2878755,48.8887892]},"type":"Feature","properties":{"database_ref":"OSM","layer":"metro","type":"node","database_id":"255162203"}}
{"_id":{"$oid":"5453b63455474a336231968e"},"geometry":{"type":"Point","coordinates":[2.3935636,48.8767737]},"type":"Feature","properties":{"database_ref":"OSM","layer":"metro","type":"node","database_id":"2066461402"}}
{"_id":{"$oid":"5453b63455474a3362319692"},"geometry":{"type":"Point","coordinates":[2.4043104,48.8715218]},"type":"Feature","properties":{"database_ref":"OSM","layer":"metro","type":"node","database_id":"264796181"}}
{"_id":{"$oid":"5453b63455474a33623196fd"},"geometry":{"type":"Point","coordinates":[2.352598,48.8356703]},"type":"Feature","properties":{"database_ref":"OSM","layer":"metro","type":"node","database_id":"264790337"}}
{"_id":{"$oid":"5453b63455474a336231974e"},"geometry":{"type":"Point","coordinates":[2.3606657,48.855214]},"type":"Feature","properties":{"database_ref":"OSM","layer":"metro","type":"node","database_id":"27371867"}}
{"_id":{"$oid":"5453b63455474a336231974f"},"geometry":{"type":"Point","coordinates":[2.3521708,48.8572265]},"type":"Feature","properties":{"database_ref":"OSM","layer":"metro","type":"node","database_id":"27371864"}}
{"_id":{"$oid":"5453b63455474a3362319751"},"geometry":{"type":"Point","coordinates":[2.3467014,48.8583398]},"type":"Feature","properties":{"database_ref":"OSM","layer":"metro","type":"node","database_id":"27371862"}}
{"_id":{"$oid":"5453b63455474a33623197de"},"geometry":{"type":"Point","coordinates":[2.3795672,48.8850187]},"type":"Feature","properties":{"database_ref":"OSM","layer":"metro","type":"node","database_id":"264772256"}}
{"_id":{"$oid":"5453b63455474a3362319828"},"geometry":{"type":"Point","coordinates":[2.3256659,48.8557241]},"type":"Feature","properties":{"database_ref":"OSM","layer":"metro","type":"node","database_id":"264495553"}}
{"_id":{"$oid":"5453b63455474a336231982b"},"geometry":{"type":"Point","coordinates":[2.3544678,48.8694199]},"type":"Feature","properties":{"database_ref":"OSM","layer":"metro","type":"node","database_id":"256897077"}}
{"_id":{"$oid":"5453b63455474a3362319830"},"geometry":{"type":"Point","coordinates":[2.3432861,48.8715206]},"type":"Feature","properties":{"database_ref":"OSM","layer":"metro","type":"node","database_id":"256897079"}}
{"_id":{"$oid":"5453b63455474a3362319831"},"geometry":{"type":"Point","coordinates":[2.3487793,48.8706004]},"type":"Feature","properties":{"database_ref":"OSM","layer":"metro","type":"node","database_id":"256897078"}}
{"_id":{"$oid":"5453b63455474a3362319848"},"geometry":{"type":"Point","coordinates":[2.3094235,48.8805424]},"type":"Feature","properties":{"database_ref":"OSM","layer":"metro","type":"node","database_id":"243496030"}}
{"_id":{"$oid":"5453b63455474a33623198be"},"geometry":{"type":"Point","coordinates":[2.2583922,48.8477655]},"type":"Feature","properties":{"database_ref":"OSM","layer":"metro","type":"node","database_id":"264535735"}}
{"_id":{"$oid":"5453b63455474a336231992e"},"geometry":{"type":"Point","coordinates":[2.3249923,48.8410654]},"type":"Feature","properties":{"database_ref":"OSM","layer":"metro","type":"node","database_id":"260763474"}}
{"_id":{"$oid":"5453b63455474a336231998a"},"geometry":{"type":"Point","coordinates":[2.2936685,48.8504212]},"type":"Feature","properties":{"database_ref":"OSM","layer":"metro","type":"node","database_id":"34909187"}}
{"_id":{"$oid":"5453b63455474a3362319995"},"geometry":{"type":"Point","coordinates":[2.3461709,48.8627762]},"type":"Feature","properties":{"database_ref":"OSM","layer":"metro","type":"node","database_id":"264513655"}}
{"_id":{"$oid":"5453b63455474a33623199cc"},"geometry":{"type":"Point","coordinates":[2.3274728,48.8927063]},"type":"Feature","properties":{"database_ref":"OSM","layer":"metro","type":"node","database_id":"265060052"}}
{"_id":{"$oid":"5453b63455474a33623199d2"},"geometry":{"type":"Point","coordinates":[2.3090043,48.8693137]},"type":"Feature","properties":{"database_ref":"OSM","layer":"metro","type":"node","database_id":"27362251"}}
{"_id":{"$oid":"5453b63455474a33623199d6"},"geometry":{"type":"Point","coordinates":[2.322138,48.8664075]},"type":"Feature","properties":{"database_ref":"OSM","layer":"metro","type":"node","database_id":"27362256"}}
{"_id":{"$oid":"5453b63455474a33623199fe"},"geometry":{"type":"Point","coordinates":[2.3277965,48.8481026]},"type":"Feature","properties":{"database_ref":"OSM","layer":"metro","type":"node","database_id":"263499468"}}
{"_id":{"$oid":"5453b63555474a3362319af3"},"geometry":{"type":"Point","coordinates":[2.2377696,48.891967]},"type":"Feature","properties":{"database_ref":"OSM","layer":"metro","type":"node","database_id":"137533248"}}
{"_id":{"$oid":"5453b63555474a3362319b01"},"geometry":{"type":"Point","coordinates":[2.3842705,48.8500259]},"type":"Feature","properties":{"database_ref":"OSM","layer":"metro","type":"node","database_id":"264481019"}}
{"_id":{"$oid":"5453b63555474a3362319b1d"},"geometry":{"type":"Point","coordinates":[2.3721323,48.8602039]},"type":"Feature","properties":{"database_ref":"OSM","layer":"metro","type":"node","database_id":"264769297"}}
{"_id":{"$oid":"5453b63555474a3362319bba"},"geometry":{"type":"Point","coordinates":[2.2730847,48.8242325]},"type":"Feature","properties":{"database_ref":"OSM","layer":"metro","type":"node","database_id":"134299001"}}
{"_id":{"$oid":"5453b63555474a3362319bcd"},"geometry":{"type":"Point","coordinates":[2.3960523,48.8480576]},"type":"Feature","properties":{"database_ref":"OSM","layer":"metro","type":"node","database_id":"241928557"}}
{"_id":{"$oid":"5453b63555474a3362319c0b"},"geometry":{"type":"Point","coordinates":[2.2815392,48.8781189]},"type":"Feature","properties":{"database_ref":"OSM","layer":"metro","type":"node","database_id":"27362239"}}
{"_id":{"$oid":"5453b63555474a3362319c0c"},"geometry":{"type":"Point","coordinates":[2.2717733,48.8811205]},"type":"Feature","properties":{"database_ref":"OSM","layer":"metro","type":"node","database_id":"27362238"}}
{"_id":{"$oid":"5453b63555474a3362319c17"},"geometry":{"type":"Point","coordinates":[2.2308732,48.8296613]},"type":"Feature","properties":{"database_ref":"OSM","layer":"metro","type":"node","database_id":"370455978"}}
{"_id":{"$oid":"5453b63555474a3362319cbd"},"geometry":{"type":"Point","coordinates":[2.4105242,48.8534759]},"type":"Feature","properties":{"database_ref":"OSM","layer":"metro","type":"node","database_id":"256442276"}}
{"_id":{"$oid":"5453b63555474a3362319d27"},"geometry":{"type":"Point","coordinates":[2.3274515,48.8835165]},"type":"Feature","properties":{"database_ref":"OSM","layer":"metro","type":"node","database_id":"243496027"}}
{"_id":{"$oid":"5453b63555474a3362319d37"},"geometry":{"type":"Point","coordinates":[2.3641518,48.9459311]},"type":"Feature","properties":{"database_ref":"OSM","layer":"metro","type":"node","database_id":"331524254"}}
{"_id":{"$oid":"5453b63555474a3362319d3f"},"geometry":{"type":"Point","coordinates":[2.2565741,48.8377707]},"type":"Feature","properties":{"database_ref":"OSM","layer":"metro","type":"node","database_id":"260767430"}}
{"_id":{"$oid":"5453b63555474a3362319d63"},"geometry":{"type":"Point","coordinates":[2.2783179,48.8463524]},"type":"Feature","properties":{"database_ref":"OSM","layer":"metro","type":"node","database_id":"264534424"}}
{"_id":{"$oid":"5453b63555474a3362319d64"},"geometry":{"type":"Point","coordinates":[2.2859257,48.8466102]},"type":"Feature","properties":{"database_ref":"OSM","layer":"metro","type":"node","database_id":"264534423"}}
{"_id":{"$oid":"5453b63555474a3362319e0a"},"geometry":{"type":"Point","coordinates":[2.2859234,48.8573825]},"type":"Feature","properties":{"database_ref":"OSM","layer":"metro","type":"node","database_id":"260765390"}}
{"_id":{"$oid":"5453b63555474a3362319f3c"},"geometry":{"type":"Point","coordinates":[2.3673857,48.7869402]},"type":"Feature","properties":{"database_ref":"OSM","layer":"metro","type":"node","database_id":"318536848"}}
{"_id":{"$oid":"5453b63555474a3362319f73"},"geometry":{"type":"Point","coordinates":[2.3298436,48.8643585]},"type":"Feature","properties":{"database_ref":"OSM","layer":"metro","type":"node","database_id":"27362258"}}
{"_id":{"$oid":"5453b63555474a3362319f79"},"geometry":{"type":"Point","coordinates":[2.4237108,48.8558145]},"type":"Feature","properties":{"database_ref":"OSM","layer":"metro","type":"node","database_id":"256442845"}}
{"_id":{"$oid":"5453b63555474a336231a00a"},"geometry":{"type":"Point","coordinates":[2.3424101,48.8585901]},"type":"Feature","properties":{"database_ref":"OSM","layer":"metro","type":"node","database_id":"264784170"}}
{"_id":{"$oid":"5453b63555474a336231a01e"},"geometry":{"type":"Point","coordinates":[2.3668726,48.8632968]},"type":"Feature","properties":{"database_ref":"OSM","layer":"metro","type":"node","database_id":"264476971"}}
{"_id":{"$oid":"5453b63555474a336231a02b"},"geometry":{"type":"Point","coordinates":[2.2438908,48.8339081]},"type":"Feature","properties":{"database_ref":"OSM","layer":"metro","type":"node","database_id":"29588070"}}
{"_id":{"$oid":"5453b63555474a336231a067"},"geometry":{"type":"Point","coordinates":[2.3769849,48.8720463]},"type":"Feature","properties":{"database_ref":"OSM","layer":"metro","type":"node","database_id":"243493845"}}
{"_id":{"$oid":"5453b63555474a336231a068"},"geometry":{"type":"Point","coordinates":[2.380456,48.8690586]},"type":"Feature","properties":{"database_ref":"OSM","layer":"metro","type":"node","database_id":"243493846"}}
{"_id":{"$oid":"5453b63555474a336231a0ba"},"geometry":{"type":"Point","coordinates":[2.348746,48.8499051]},"type":"Feature","properties":{"database_ref":"OSM","layer":"metro","type":"node","database_id":"260078619"}}
{"_id":{"$oid":"5453b63555474a336231a0c2"},"geometry":{"type":"Point","coordinates":[2.3477372,48.8937935]},"type":"Feature","properties":{"database_ref":"OSM","layer":"metro","type":"node","database_id":"264505993"}}
{"_id":{"$oid":"5453b63555474a336231a0f6"},"geometry":{"type":"Point","coordinates":[2.3218984,48.8491398]},"type":"Feature","properties":{"database_ref":"OSM","layer":"metro","type":"node","database_id":"473070143"}}
{"_id":{"$oid":"5453b63555474a336231a0fc"},"geometry":{"type":"Point","coordinates":[2.3608293,48.8382823]},"type":"Feature","properties":{"database_ref":"OSM","layer":"metro","type":"node","database_id":"265055434"}}
{"_id":{"$oid":"5453b63555474a336231a135"},"geometry":{"type":"Point","coordinates":[2.3521239,48.8429311]},"type":"Feature","properties":{"database_ref":"OSM","layer":"metro","type":"node","database_id":"264786014"}}
{"_id":{"$oid":"5453b63555474a336231a152"},"geometry":{"type":"Point","coordinates":[2.3984802,48.8649326]},"type":"Feature","properties":{"database_ref":"OSM","layer":"metro","type":"node","database_id":"243507235"}}
{"_id":{"$oid":"5453b63555474a336231a155"},"geometry":{"type":"Point","coordinates":[2.4088118,48.8645515]},"type":"Feature","properties":{"database_ref":"OSM","layer":"metro","type":"node","database_id":"243507234"}}
{"_id":{"$oid":"5453b63555474a336231a180"},"geometry":{"type":"Point","coordinates":[2.3197963,48.874703]},"type":"Feature","properties":{"database_ref":"OSM","layer":"metro","type":"node","database_id":"256897554"}}
{"_id":{"$oid":"5453b63555474a336231a185"},"geometry":{"type":"Point","coordinates":[2.3434618,48.8311116]},"type":"Feature","properties":{"database_ref":"OSM","layer":"metro","type":"node","database_id":"235370184"}}
{"_id":{"$oid":"5453b63555474a336231a1e2"},"geometry":{"type":"Point","coordinates":[2.2984833,48.8225032]},"type":"Feature","properties":{"database_ref":"OSM","layer":"metro","type":"node","database_id":"264717964"}}
{"_id":{"$oid":"5453b63555474a336231a21d"},"geometry":{"type":"Point","coordinates":[2.3042907,48.8839908]},"type":"Feature","properties":{"database_ref":"OSM","layer":"metro","type":"node","database_id":"243510679"}}
{"_id":{"$oid":"5453b63555474a336231a21e"},"geometry":{"type":"Point","coordinates":[2.3110507,48.8825292]},"type":"Feature","properties":{"database_ref":"OSM","layer":"metro","type":"node","database_id":"243510678"}}
{"_id":{"$oid":"5453b63555474a336231a233"},"geometry":{"type":"Point","coordinates":[2.3144204,48.893964]},"type":"Feature","properties":{"database_ref":"OSM","layer":"metro","type":"node","database_id":"261611873"}}
{"_id":{"$oid":"5453b63555474a336231a23f"},"geometry":{"type":"Point","coordinates":[2.3657737,48.9068701]},"type":"Feature","properties":{"database_ref":"OSM","layer":"metro","type":"node","database_id":"2075538669"}}
{"_id":{"$oid":"5453b63555474a336231a245"},"geometry":{"type":"Point","coordinates":[2.3741125,48.8807774]},"type":"Feature","properties":{"database_ref":"OSM","layer":"metro","type":"node","database_id":"243358029"}}
{"_id":{"$oid":"5453b63555474a336231a26d"},"geometry":{"type":"Point","coordinates":[2.4293269,48.8454354]},"type":"Feature","properties":{"database_ref":"OSM","layer":"metro","type":"node","database_id":"241928758"}}
{"_id":{"$oid":"5453b63555474a336231a366"},"geometry":{"type":"Point","coordinates":[2.3006256,48.8649686]},"type":"Feature","properties":{"database_ref":"OSM","layer":"metro","type":"node","database_id":"260769132"}}
{"_id":{"$oid":"5453b63555474a336231a39a"},"geometry":{"type":"Point","coordinates":[2.4041397,48.9147221]},"type":"Feature","properties":{"database_ref":"OSM","layer":"metro","type":"node","database_id":"270244435"}}
{"_id":{"$oid":"5453b63555474a336231a39c"},"geometry":{"type":"Point","coordinates":[2.3921656,48.9036536]},"type":"Feature","properties":{"database_ref":"OSM","layer":"metro","type":"node","database_id":"270244436"}}
{"_id":{"$oid":"5453b63555474a336231a3a0"},"geometry":{"type":"Point","coordinates":[2.3333207,48.8730612]},"type":"Feature","properties":{"database_ref":"OSM","layer":"metro","type":"node","database_id":"256897458"}}
{"_id":{"$oid":"5453b63555474a336231a3a2"},"geometry":{"type":"Point","coordinates":[2.2956935,48.8736024]},"type":"Feature","properties":{"database_ref":"OSM","layer":"metro","type":"node","database_id":"243496033"}}
{"_id":{"$oid":"5453b63555474a336231a3c5"},"geometry":{"type":"Point","coordinates":[2.3386296,48.8898183]},"type":"Feature","properties":{"database_ref":"OSM","layer":"metro","type":"node","database_id":"264505153"}}
{"_id":{"$oid":"5453b63555474a336231a40e"},"geometry":{"type":"Point","coordinates":[2.3982271,48.8514805]},"type":"Feature","properties":{"database_ref":"OSM","layer":"metro","type":"node","database_id":"243489718"}}
{"_id":{"$oid":"5453b63555474a336231a416"},"geometry":{"type":"Point","coordinates":[2.3443622,48.8535657]},"type":"Feature","properties":{"database_ref":"OSM","layer":"metro","type":"node","database_id":"264515098"}}
{"_id":{"$oid":"5453b63555474a336231a41b"},"geometry":{"type":"Point","coordinates":[2.3933641,48.8819551]},"type":"Feature","properties":{"database_ref":"OSM","layer":"metro","type":"node","database_id":"264794354"}}
{"_id":{"$oid":"5453b63555474a336231a4c6"},"geometry":{"type":"Point","coordinates":[2.3683672,48.7960877]},"type":"Feature","properties":{"database_ref":"OSM","layer":"metro","type":"node","database_id":"318536943"}}
{"_id":{"$oid":"5453b63555474a336231a4c9"},"geometry":{"type":"Point","coordinates":[2.3794597,48.864302]},"type":"Feature","properties":{"database_ref":"OSM","layer":"metro","type":"node","database_id":"243507789"}}
{"_id":{"$oid":"5453b63555474a336231a513"},"geometry":{"type":"Point","coordinates":[2.3211592,48.8419339]},"type":"Feature","properties":{"database_ref":"OSM","layer":"metro","type":"node","database_id":"1805529567"}}
{"_id":{"$oid":"5453b63555474a336231a57a"},"geometry":{"type":"Point","coordinates":[2.3361468,48.8623829]},"type":"Feature","properties":{"database_ref":"OSM","layer":"metro","type":"node","database_id":"27362259"}}
{"_id":{"$oid":"5453b63555474a336231a59a"},"geometry":{"type":"Point","coordinates":[2.3741232,48.8434791]},"type":"Feature","properties":{"database_ref":"OSM","layer":"metro","type":"node","database_id":"1656938775"}}
{"_id":{"$oid":"5453b63555474a336231a5a4"},"geometry":{"type":"Point","coordinates":[2.3517283,48.8465082]},"type":"Feature","properties":{"database_ref":"OSM","layer":"metro","type":"node","database_id":"260078615"}}
{"_id":{"$oid":"5453b63555474a336231a5f1"},"geometry":{"type":"Point","coordinates":[2.3770128,48.8296302]},"type":"Feature","properties":{"database_ref":"OSM","layer":"metro","type":"node","database_id":"2002449281"}}
{"_id":{"$oid":"5453b63555474a336231a5fe"},"geometry":{"type":"Point","coordinates":[2.2970255,48.8153367]},"type":"Feature","properties":{"database_ref":"OSM","layer":"metro","type":"node","database_id":"12388534"}}
{"_id":{"$oid":"5453b63555474a336231a6b7"},"geometry":{"type":"Point","coordinates":[2.4024837,48.8371074]},"type":"Feature","properties":{"database_ref":"OSM","layer":"metro","type":"node","database_id":"264482226"}}
{"_id":{"$oid":"5453b63555474a336231a6d7"},"geometry":{"type":"Point","coordinates":[2.2672606,48.845267]},"type":"Feature","properties":{"database_ref":"OSM","layer":"metro","type":"node","database_id":"264537727"}}
{"_id":{"$oid":"5453b63555474a336231a733"},"geometry":{"type":"Point","coordinates":[2.3592969,48.8977084]},"type":"Feature","properties":{"database_ref":"OSM","layer":"metro","type":"node","database_id":"264505930"}}
{"_id":{"$oid":"5453b63555474a336231a749"},"geometry":{"type":"Point","coordinates":[2.2937668,48.8446967]},"type":"Feature","properties":{"database_ref":"OSM","layer":"metro","type":"node","database_id":"264469160"}}
{"_id":{"$oid":"5453b63555474a336231a7d8"},"geometry":{"type":"Point","coordinates":[2.2728475,48.8470891]},"type":"Feature","properties":{"database_ref":"OSM","layer":"metro","type":"node","database_id":"264538576"}}
{"_id":{"$oid":"5453b63555474a336231a7dd"},"geometry":{"type":"Point","coordinates":[2.3595477,48.8191302]},"type":"Feature","properties":{"database_ref":"OSM","layer":"metro","type":"node","database_id":"268467559"}}
{"_id":{"$oid":"5453b63555474a336231a7e7"},"geometry":{"type":"Point","coordinates":[2.3270822,48.8470711]},"type":"Feature","properties":{"database_ref":"OSM","layer":"metro","type":"node","database_id":"264520061"}}
{"_id":{"$oid":"5453b63555474a336231a800"},"geometry":{"type":"Point","coordinates":[2.3384377,48.884476]},"type":"Feature","properties":{"database_ref":"OSM","layer":"metro","type":"node","database_id":"264505115"}}
{"_id":{"$oid":"5453b63555474a336231a827"},"geometry":{"type":"Point","coordinates":[2.23811,48.8319438]},"type":"Feature","properties":{"database_ref":"OSM","layer":"metro","type":"node","database_id":"355153536"}}
{"_id":{"$oid":"5453b63555474a336231a868"},"geometry":{"type":"Point","coordinates":[2.3816608,48.8782117]},"type":"Feature","properties":{"database_ref":"OSM","layer":"metro","type":"node","database_id":"243357000"}}
{"_id":{"$oid":"5453b63555474a336231a93b"},"geometry":{"type":"Point","coordinates":[2.3175634,48.8443954]},"type":"Feature","properties":{"database_ref":"OSM","layer":"metro","type":"node","database_id":"244494496"}}
{"_id":{"$oid":"5453b63555474a336231a948"},"geometry":{"type":"Point","coordinates":[2.3654808,48.8814188]},"type":"Feature","properties":{"database_ref":"OSM","layer":"metro","type":"node","database_id":"264775552"}}
{"_id":{"$oid":"5453b63555474a336231a95f"},"geometry":{"type":"Point","coordinates":[2.4643844,48.7687211]},"type":"Feature","properties":{"database_ref":"OSM","layer":"metro","type":"node","database_id":"928458344"}}
{"_id":{"$oid":"5453b63555474a336231a987"},"geometry":{"type":"Point","coordinates":[2.421774,48.815077]},"type":"Feature","properties":{"database_ref":"OSM","layer":"metro","type":"node","database_id":"300876896"}}
{"_id":{"$oid":"5453b63555474a336231a98a"},"geometry":{"type":"Point","coordinates":[2.2953101,48.8470463]},"type":"Feature","properties":{"database_ref":"OSM","layer":"metro","type":"node","database_id":"261666122"}}
{"_id":{"$oid":"5453b63555474a336231a9a0"},"geometry":{"type":"Point","coordinates":[2.2287175,48.840669]},"type":"Feature","properties":{"database_ref":"OSM","layer":"metro","type":"node","database_id":"264541617"}}
{"_id":{"$oid":"5453b63555474a336231aae5"},"geometry":{"type":"Point","coordinates":[2.38585,48.8333982]},"type":"Feature","properties":{"database_ref":"OSM","layer":"metro","type":"node","database_id":"264491191"}}
{"_id":{"$oid":"5453b63555474a336231aae7"},"geometry":{"type":"Point","coordinates":[2.3662163,48.8269184]},"type":"Feature","properties":{"database_ref":"OSM","layer":"metro","type":"node","database_id":"264491193"}}
{"_id":{"$oid":"5453b63555474a336231ab12"},"geometry":{"type":"Point","coordinates":[2.4061094,48.8526992]},"type":"Feature","properties":{"database_ref":"OSM","layer":"metro","type":"node","database_id":"256441194"}}
{"_id":{"$oid":"5453b63555474a336231ab58"},"geometry":{"type":"Point","coordinates":[2.3330841,48.8836162]},"type":"Feature","properties":{"database_ref":"OSM","layer":"metro","type":"node","database_id":"243496025"}}
{"_id":{"$oid":"5453b63555474a336231ab5f"},"geometry":{"type":"Point","coordinates":[2.3598783,48.8905035]},"type":"Feature","properties":{"database_ref":"OSM","layer":"metro","type":"node","database_id":"249335596"}}
{"_id":{"$oid":"5453b63555474a336231ac1c"},"geometry":{"type":"Point","coordinates":[2.3095848,48.8456163]},"type":"Feature","properties":{"database_ref":"OSM","layer":"metro","type":"node","database_id":"1659843199"}}
{"_id":{"$oid":"5453b63555474a336231ac1e"},"geometry":{"type":"Point","coordinates":[2.3366295,48.8330168]},"type":"Feature","properties":{"database_ref":"OSM","layer":"metro","type":"node","database_id":"235369898"}}
{"_id":{"$oid":"5453b63555474a336231ac2e"},"geometry":{"type":"Point","coordinates":[2.3671644,48.8608519]},"type":"Feature","properties":{"database_ref":"OSM","layer":"metro","type":"node","database_id":"264479724"}}
{"_id":{"$oid":"5453b63555474a336231ac8a"},"geometry":{"type":"Point","coordinates":[2.3637903,48.8051317]},"type":"Feature","properties":{"database_ref":"OSM","layer":"metro","type":"node","database_id":"318536832"}}
{"_id":{"$oid":"5453b63555474a336231ac99"},"geometry":{"type":"Point","coordinates":[2.3076354,48.8470802]},"type":"Feature","properties":{"database_ref":"OSM","layer":"metro","type":"node","database_id":"261665825"}}
{"_id":{"$oid":"5453b63555474a336231acd1"},"geometry":{"type":"Point","coordinates":[2.3243262,48.843971]},"type":"Feature","properties":{"database_ref":"OSM","layer":"metro","type":"node","database_id":"324363999"}}
{"_id":{"$oid":"5453b63555474a336231acda"},"geometry":{"type":"Point","coordinates":[2.4008998,48.8413343]},"type":"Feature","properties":{"database_ref":"OSM","layer":"metro","type":"node","database_id":"245455187"}}
{"_id":{"$oid":"5453b63555474a336231ad25"},"geometry":{"type":"Point","coordinates":[2.2879218,48.8410837]},"type":"Feature","properties":{"database_ref":"OSM","layer":"metro","type":"node","database_id":"260231832"}}
{"_id":{"$oid":"5453b63555474a336231ad26"},"geometry":{"type":"Point","coordinates":[2.2917758,48.8426906]},"type":"Feature","properties":{"database_ref":"OSM","layer":"metro","type":"node","database_id":"260231833"}}
{"_id":{"$oid":"5453b63555474a336231ad55"},"geometry":{"type":"Point","coordinates":[2.3580551,48.876038]},"type":"Feature","properties":{"database_ref":"OSM","layer":"metro","type":"node","database_id":"264508548"}}
{"_id":{"$oid":"5453b63555474a336231ad79"},"geometry":{"type":"Point","coordinates":[2.3659442,48.884287]},"type":"Feature","properties":{"database_ref":"OSM","layer":"metro","type":"node","database_id":"235377792"}}
{"_id":{"$oid":"5453b63555474a336231adcd"},"geometry":{"type":"Point","coordinates":[2.3708174,48.8774398]},"type":"Feature","properties":{"database_ref":"OSM","layer":"metro","type":"node","database_id":"243493916"}}
{"_id":{"$oid":"5453b63555474a336231ae7f"},"geometry":{"type":"Point","coordinates":[2.3821116,48.8945067]},"type":"Feature","properties":{"database_ref":"OSM","layer":"metro","type":"node","database_id":"264776910"}}
{"_id":{"$oid":"5453b63555474a336231aeae"},"geometry":{"type":"Point","coordinates":[2.3126019,48.8429457]},"type":"Feature","properties":{"database_ref":"OSM","layer":"metro","type":"node","database_id":"260764273"}}
{"_id":{"$oid":"5453b63555474a336231aeb0"},"geometry":{"type":"Point","coordinates":[2.3747956,48.8610516]},"type":"Feature","properties":{"database_ref":"OSM","layer":"metro","type":"node","database_id":"256895609"}}
{"_id":{"$oid":"5453b63555474a336231aeb9"},"geometry":{"type":"Point","coordinates":[2.3325902,48.8340204]},"type":"Feature","properties":{"database_ref":"OSM","layer":"metro","type":"node","database_id":"220289387"}}
{"_id":{"$oid":"5453b63555474a336231aeba"},"geometry":{"type":"Point","coordinates":[2.3301258,48.8313954]},"type":"Feature","properties":{"database_ref":"OSM","layer":"metro","type":"node","database_id":"220289385"}}
{"_id":{"$oid":"5453b63555474a336231aec1"},"geometry":{"type":"Point","coordinates":[2.3308032,48.8389018]},"type":"Feature","properties":{"database_ref":"OSM","layer":"metro","type":"node","database_id":"220289389"}}
{"_id":{"$oid":"5453b63555474a336231aee5"},"geometry":{"type":"Point","coordinates":[2.3289008,48.8973715]},"type":"Feature","properties":{"database_ref":"OSM","layer":"metro","type":"node","database_id":"265060832"}}
{"_id":{"$oid":"54b7bef755474a2bb2744dc7"},"geometry":{"type":"LineString","coordinates":[[2.3166512,48.8468543],[2.3218984,48.8491398]]},"type":"Feature","properties":{"layer":"metro","database_org_id":"245250755","mongo_dest_id":"5453b63555474a336231a0f6","name":"M10","database_dest_id":"473070143","mongo_org_id":"5453b63455474a3362317782","length":0.46043951437263464,"type":"edge","degreeDual":224}}
{"_id":{"$oid":"54b7bef755474a2bb2744dc8"},"geometry":{"type":"LineString","coordinates":[[2.2287175,48.840669],[2.2387333,48.8420002]]},"type":"Feature","properties":{"layer":"metro","database_org_id":"264541617","mongo_dest_id":"5453b63455474a3362318fdf","name":"M10","database_dest_id":"264539964","mongo_org_id":"5453b63555474a336231a9a0","length":0.7477787113299998,"type":"edge","degreeDual":224}}
{"_id":{"$oid":"54b7bef755474a2bb2744dc9"},"geometry":{"type":"LineString","coordinates":[[2.348746,48.8499051],[2.3517283,48.8465082]]},"type":"Feature","properties":{"layer":"metro","database_org_id":"260078619","mongo_dest_id":"5453b63555474a336231a5a4","name":"M10","database_dest_id":"260078615","mongo_org_id":"5453b63555474a336231a0ba","length":0.436224626918256,"type":"edge","degreeDual":224}}
{"_id":{"$oid":"54b7bef755474a2bb2744dca"},"geometry":{"type":"LineString","coordinates":[[2.3517283,48.8465082],[2.3549579,48.8460116]]},"type":"Feature","properties":{"layer":"metro","database_org_id":"260078615","mongo_dest_id":"5453b63455474a3362318ea3","name":"M10","database_dest_id":"260040968","mongo_org_id":"5453b63555474a336231a5a4","length":0.24269258139612213,"type":"edge","degreeDual":224}}
{"_id":{"$oid":"54b7bef755474a2bb2744dcb"},"geometry":{"type":"LineString","coordinates":[[2.2583922,48.8477655],[2.2641872,48.8480038]]},"type":"Feature","properties":{"layer":"metro","database_org_id":"264535735","mongo_dest_id":"5453b63455474a3362317de1","name":"M10","database_dest_id":"260767427","mongo_org_id":"5453b63455474a33623198be","length":0.42486451373464074,"type":"edge","degreeDual":224}}
{"_id":{"$oid":"54b7bef755474a2bb2744dcc"},"geometry":{"type":"LineString","coordinates":[[2.2728475,48.8470891],[2.2686743,48.8473202]]},"type":"Feature","properties":{"layer":"metro","database_org_id":"264538576","mongo_dest_id":"5453b63455474a33623182fa","name":"M10","database_dest_id":"264534683","mongo_org_id":"5453b63555474a336231a7d8","length":0.30644893215943664,"type":"edge","degreeDual":224}}
{"_id":{"$oid":"54b7bef755474a2bb2744dcd"},"geometry":{"type":"LineString","coordinates":[[2.3357457,48.8529427],[2.3394266,48.8521785]]},"type":"Feature","properties":{"layer":"metro","database_org_id":"260079322","mongo_dest_id":"5453b63455474a3362318bae","name":"M10","database_dest_id":"260079008","mongo_org_id":"5453b63455474a33623195a2","length":0.2824049693467026,"type":"edge","degreeDual":224}}
{"_id":{"$oid":"54b7bef755474a2bb2744dce"},"geometry":{"type":"LineString","coordinates":[[2.2583922,48.8477655],[2.2387333,48.8420002]]},"type":"Feature","properties":{"layer":"metro","database_org_id":"264535735","mongo_dest_id":"5453b63455474a3362318fdf","name":"M10","database_dest_id":"264539964","mongo_org_id":"5453b63455474a33623198be","length":1.5749617560743363,"type":"edge","degreeDual":224}}
{"_id":{"$oid":"54b7bef755474a2bb2744dcf"},"geometry":{"type":"LineString","coordinates":[[2.2728475,48.8470891],[2.2672606,48.845267]]},"type":"Feature","properties":{"layer":"metro","database_org_id":"264538576","mongo_dest_id":"5453b63555474a336231a6d7","name":"M10","database_dest_id":"264537727","mongo_org_id":"5453b63555474a336231a7d8","length":0.4562753697571885,"type":"edge","degreeDual":224}}
{"_id":{"$oid":"54b7bef755474a2bb2744dd0"},"geometry":{"type":"LineString","coordinates":[[2.2728475,48.8470891],[2.2783179,48.8463524]]},"type":"Feature","properties":{"layer":"metro","database_org_id":"264538576","mongo_dest_id":"5453b63555474a3362319d63","name":"M10","database_dest_id":"264534424","mongo_org_id":"5453b63555474a336231a7d8","length":0.40859067867135435,"type":"edge","degreeDual":224}}
{"_id":{"$oid":"54b7bef755474a2bb2744f24"},"geometry":{"type":"LineString","coordinates":[[2.380456,48.8690586],[2.3833323,48.86649]]},"type":"Feature","properties":{"layer":"metro","database_org_id":"243493846","mongo_dest_id":"5453b63455474a33623190c2","name":"M2","database_dest_id":"243490761","mongo_org_id":"5453b63555474a336231a068","length":0.35473574300128036,"type":"edge","degreeDual":178}}
{"_id":{"$oid":"54b7bef755474a2bb2744f25"},"geometry":{"type":"LineString","coordinates":[[2.3769849,48.8720463],[2.380456,48.8690586]]},"type":"Feature","properties":{"layer":"metro","database_org_id":"243493845","mongo_dest_id":"5453b63555474a336231a068","name":"M2","database_dest_id":"243493846","mongo_org_id":"5453b63555474a336231a067","length":0.41811610183876513,"type":"edge","degreeDual":178}}
{"_id":{"$oid":"54b7bef755474a2bb2744f26"},"geometry":{"type":"LineString","coordinates":[[2.3035538,48.8792625],[2.3094235,48.8805424]]},"type":"Feature","properties":{"layer":"metro","database_org_id":"2066488458","mongo_dest_id":"5453b63455474a3362319848","name":"M2","database_dest_id":"243496030","mongo_org_id":"5453b63455474a3362317cc9","length":0.45220772942389137,"type":"edge","degreeDual":178}}
{"_id":{"$oid":"54b7bef755474a2bb2744f27"},"geometry":{"type":"LineString","coordinates":[[2.3035538,48.8792625],[2.2956935,48.8736024]]},"type":"Feature","properties":{"layer":"metro","database_org_id":"2066488458","mongo_dest_id":"5453b63555474a336231a3a2","name":"M2","database_dest_id":"243496033","mongo_org_id":"5453b63455474a3362317cc9","length":0.8523765532308506,"type":"edge","degreeDual":178}}
{"_id":{"$oid":"54b7bef755474a2bb2744f28"},"geometry":{"type":"LineString","coordinates":[[2.3984802,48.8649326],[2.4088118,48.8645515]]},"type":"Feature","properties":{"layer":"metro","database_org_id":"243507235","mongo_dest_id":"5453b63555474a336231a155","name":"M3","database_dest_id":"243507234","mongo_org_id":"5453b63555474a336231a152","length":0.7569265524162739,"type":"edge","degreeDual":250}}
{"_id":{"$oid":"54b7bef755474a2bb2744f29"},"geometry":{"type":"LineString","coordinates":[[2.3901333,48.8582526],[2.3945621,48.856264]]},"type":"Feature","properties":{"layer":"metro","database_org_id":"243490763","mongo_dest_id":"5453b63455474a33623190c5","name":"M2","database_dest_id":"243490764","mongo_org_id":"5453b63455474a33623190c4","length":0.3922704512823677,"type":"edge","degreeDual":178}}
{"_id":{"$oid":"54b7bef755474a2bb2744f2a"},"geometry":{"type":"LineString","coordinates":[[2.3873271,48.8629761],[2.3901333,48.8582526]]},"type":"Feature","properties":{"layer":"metro","database_org_id":"243490762","mongo_dest_id":"5453b63455474a33623190c4","name":"M2","database_dest_id":"243490763","mongo_org_id":"5453b63455474a33623190c3","length":0.5639219914452838,"type":"edge","degreeDual":178}}
{"_id":{"$oid":"54b7bef755474a2bb2744f2b"},"geometry":{"type":"LineString","coordinates":[[2.3833323,48.86649],[2.3873271,48.8629761]]},"type":"Feature","properties":{"layer":"metro","database_org_id":"243490761","mongo_dest_id":"5453b63455474a33623190c3","name":"M2","database_dest_id":"243490762","mongo_org_id":"5453b63455474a33623190c2","length":0.48791056528624044,"type":"edge","degreeDual":178}}
{"_id":{"$oid":"54b7bef755474a2bb2744f2c"},"geometry":{"type":"LineString","coordinates":[[2.4088118,48.8645515],[2.4166605,48.8652545]]},"type":"Feature","properties":{"layer":"metro","database_org_id":"243507234","mongo_dest_id":"5453b63455474a33623183d2","name":"M3","database_dest_id":"243507233","mongo_org_id":"5453b63555474a336231a155","length":0.5794147955884186,"type":"edge","degreeDual":250}}
{"_id":{"$oid":"54b7bef755474a2bb2744f2d"},"geometry":{"type":"LineString","coordinates":[[2.3984802,48.8649326],[2.3873271,48.8629761]]},"type":"Feature","properties":{"layer":"metro","database_org_id":"243507235","mongo_dest_id":"5453b63455474a33623190c3","name":"M3","database_dest_id":"243490762","mongo_org_id":"5453b63555474a336231a152","length":0.844351849360569,"type":"edge","degreeDual":250}}
{"_id":{"$oid":"54b7bef755474a2bb27452b5"},"geometry":{"type":"LineString","coordinates":[[2.3741232,48.8434791],[2.3467014,48.8583398]]},"type":"Feature","properties":{"layer":"metro","database_org_id":"1656938775","mongo_dest_id":"5453b63455474a3362319751","name":"M14","database_dest_id":"27371862","mongo_org_id":"5453b63555474a336231a59a","length":2.59927582982254,"type":"edge","degreeDual":123}}
{"_id":{"$oid":"54b7bef755474a2bb27452c4"},"geometry":{"type":"LineString","coordinates":[[2.3145456,48.8736768],[2.3137075,48.8678333]]},"type":"Feature","properties":{"layer":"metro","database_org_id":"260769652","mongo_dest_id":"5453b63455474a3362317db7","name":"M13","database_dest_id":"282635141","mongo_org_id":"5453b63455474a33623181a0","length":0.652652549619866,"type":"edge","degreeDual":190}}
{"_id":{"$oid":"54b7bef755474a2bb27452c5"},"geometry":{"type":"LineString","coordinates":[[2.3254192,48.8754744],[2.3145456,48.8736768]]},"type":"Feature","properties":{"layer":"metro","database_org_id":"243510338","mongo_dest_id":"5453b63455474a33623181a0","name":"M13","database_dest_id":"260769652","mongo_org_id":"5453b63455474a3362317a1a","length":0.8199655945837031,"type":"edge","degreeDual":190}}
{"_id":{"$oid":"54b7bef755474a2bb27452c6"},"geometry":{"type":"LineString","coordinates":[[2.3339725,48.9118944],[2.3429933,48.9196049]]},"type":"Feature","properties":{"layer":"metro","database_org_id":"313428413","mongo_dest_id":"5453b63455474a3362317590","name":"M13","database_dest_id":"313430306","mongo_org_id":"5453b63455474a3362319495","length":1.0814822766104168,"type":"edge","degreeDual":190}}
{"_id":{"$oid":"54b7bef755474a2bb27454b8"},"geometry":{"type":"LineString","coordinates":[[2.3277965,48.8481026],[2.3286613,48.8452766]]},"type":"Feature","properties":{"layer":"metro","database_org_id":"263499468","mongo_dest_id":"5453b63455474a3362317af9","name":"M12","database_dest_id":"263499471","mongo_org_id":"5453b63455474a33623199fe","length":0.32054540137943716,"type":"edge","degreeDual":201}}
{"_id":{"$oid":"54b7bef755474a2bb27454b9"},"geometry":{"type":"LineString","coordinates":[[2.2884024,48.8326135],[2.2794048,48.8270162]]},"type":"Feature","properties":{"layer":"metro","database_org_id":"134305192","mongo_dest_id":"5453b63455474a3362317ea0","name":"M12","database_dest_id":"134299013","mongo_org_id":"5453b63455474a3362317888","length":0.9061730805294537,"type":"edge","degreeDual":201}}
{"_id":{"$oid":"54b7bef755474a2bb27454ba"},"geometry":{"type":"LineString","coordinates":[[2.332631,48.8763705],[2.3385532,48.8760654]]},"type":"Feature","properties":{"layer":"metro","database_org_id":"264495077","mongo_dest_id":"5453b63455474a336231752e","name":"M12","database_dest_id":"264495078","mongo_org_id":"5453b63455474a3362317538","length":0.43442645756404724,"type":"edge","degreeDual":201}}
{"_id":{"$oid":"54b7bef755474a2bb27454bb"},"geometry":{"type":"LineString","coordinates":[[2.2730847,48.8242325],[2.2794048,48.8270162]]},"type":"Feature","properties":{"layer":"metro","database_org_id":"134299001","mongo_dest_id":"5453b63455474a3362317ea0","name":"M12","database_dest_id":"134299013","mongo_org_id":"5453b63555474a3362319bba","length":0.556660386073752,"type":"edge","degreeDual":201}}
{"_id":{"$oid":"54b7bef755474a2bb27454bc"},"geometry":{"type":"LineString","coordinates":[[2.3267159,48.8514587],[2.3277965,48.8481026]]},"type":"Feature","properties":{"layer":"metro","database_org_id":"261162833","mongo_dest_id":"5453b63455474a33623199fe","name":"M12","database_dest_id":"263499468","mongo_org_id":"5453b63455474a3362318658","length":0.38146557252331126,"type":"edge","degreeDual":201}}
{"_id":{"$oid":"54b7bef755474a2bb27454bd"},"geometry":{"type":"LineString","coordinates":[[2.3267159,48.8514587],[2.3256659,48.8557241]]},"type":"Feature","properties":{"layer":"metro","database_org_id":"261162833","mongo_dest_id":"5453b63455474a3362319828","name":"M12","database_dest_id":"264495553","mongo_org_id":"5453b63455474a3362318658","length":0.48047222026631653,"type":"edge","degreeDual":201}}
{"_id":{"$oid":"54b7bef755474a2bb27454be"},"geometry":{"type":"LineString","coordinates":[[2.2966299,48.8373212],[2.2884024,48.8326135]]},"type":"Feature","properties":{"layer":"metro","database_org_id":"134305198","mongo_dest_id":"5453b63455474a3362317888","name":"M12","database_dest_id":"134305192","mongo_org_id":"5453b63455474a3362317884","length":0.7979042819777585,"type":"edge","degreeDual":201}}
{"_id":{"$oid":"54b7bef755474a2bb27454bf"},"geometry":{"type":"LineString","coordinates":[[2.2966299,48.8373212],[2.3012923,48.8395785]]},"type":"Feature","properties":{"layer":"metro","database_org_id":"134305198","mongo_dest_id":"5453b63355474a336231729a","name":"M12","database_dest_id":"244494486","mongo_org_id":"5453b63455474a3362317884","length":0.42359924094753554,"type":"edge","degreeDual":201}}
{"_id":{"$oid":"54b7bef755474a2bb27454c0"},"geometry":{"type":"LineString","coordinates":[[2.3384377,48.884476],[2.3373703,48.8823612]]},"type":"Feature","properties":{"layer":"metro","database_org_id":"264505115","mongo_dest_id":"5453b63455474a3362317969","name":"M12","database_dest_id":"243496024","mongo_org_id":"5453b63555474a336231a800","length":0.24776924116211443,"type":"edge","degreeDual":201}}
{"_id":{"$oid":"54b7bef755474a2bb27454c1"},"geometry":{"type":"LineString","coordinates":[[2.332631,48.8763705],[2.3254192,48.8754744]]},"type":"Feature","properties":{"layer":"metro","database_org_id":"264495077","mongo_dest_id":"5453b63455474a3362317a1a","name":"M12","database_dest_id":"243510338","mongo_org_id":"5453b63455474a3362317538","length":0.536743251492217,"type":"edge","degreeDual":201}}
{"_id":{"$oid":"54b7bef755474a2bb27454cb"},"geometry":{"type":"LineString","coordinates":[[2.3659442,48.884287],[2.3654808,48.8814188]]},"type":"Feature","properties":{"layer":"metro","database_org_id":"235377792","mongo_dest_id":"5453b63555474a336231a948","name":"M7","database_dest_id":"264775552","mongo_org_id":"5453b63555474a336231ad79","length":0.32072427748002674,"type":"edge","degreeDual":330}}
{"_id":{"$oid":"54b7bef755474a2bb27454cc"},"geometry":{"type":"LineString","coordinates":[[2.3659442,48.884287],[2.3740693,48.8885069]]},"type":"Feature","properties":{"layer":"metro","database_org_id":"235377792","mongo_dest_id":"5453b63455474a336231836b","name":"M7","database_dest_id":"264776028","mongo_org_id":"5453b63555474a336231ad79","length":0.7570400631948342,"type":"edge","degreeDual":330}}
{"_id":{"$oid":"54b7bef755474a2bb27454ce"},"geometry":{"type":"LineString","coordinates":[[2.3637903,48.8051317],[2.3683672,48.7960877]]},"type":"Feature","properties":{"layer":"metro","database_org_id":"318536832","mongo_dest_id":"5453b63555474a336231a4c6","name":"M7","database_dest_id":"318536943","mongo_org_id":"5453b63555474a336231ac8a","length":1.0600467708197687,"type":"edge","degreeDual":330}}
{"_id":{"$oid":"54b7bef755474a2bb27454cf"},"geometry":{"type":"LineString","coordinates":[[2.3693224,48.8216697],[2.3647992,48.8201086]]},"type":"Feature","properties":{"layer":"metro","database_org_id":"472985884","mongo_dest_id":"5453b63455474a3362319026","name":"M7","database_dest_id":"472985883","mongo_org_id":"5453b63455474a3362319023","length":0.37389234050274817,"type":"edge","degreeDual":330}}
{"_id":{"$oid":"54b7bef755474a2bb27454d0"},"geometry":{"type":"LineString","coordinates":[[2.3693224,48.8216697],[2.3773455,48.8159011]]},"type":"Feature","properties":{"layer":"metro","database_org_id":"472985884","mongo_dest_id":"5453b63455474a3362319024","name":"M7","database_dest_id":"472985885","mongo_org_id":"5453b63455474a3362319023","length":0.8697704786010229,"type":"edge","degreeDual":330}}
{"_id":{"$oid":"54b7bef755474a2bb27454d1"},"geometry":{"type":"LineString","coordinates":[[2.349272,48.8772835],[2.3580551,48.876038]]},"type":"Feature","properties":{"layer":"metro","database_org_id":"264775805","mongo_dest_id":"5453b63555474a336231ad55","name":"M7","database_dest_id":"264508548","mongo_org_id":"5453b63455474a3362318cf2","length":0.6570772052865234,"type":"edge","degreeDual":330}}
{"_id":{"$oid":"54b7bef755474a2bb27454d3"},"geometry":{"type":"LineString","coordinates":[[2.4106144,48.9207844],[2.4041397,48.9147221]]},"type":"Feature","properties":{"layer":"metro","database_org_id":"270244850","mongo_dest_id":"5453b63555474a336231a39a","name":"M7","database_dest_id":"270244435","mongo_org_id":"5453b63455474a336231926d","length":0.8235541420034039,"type":"edge","degreeDual":330}}
{"_id":{"$oid":"54b7bef755474a2bb2745817"},"geometry":{"type":"LineString","coordinates":[[2.2438908,48.8339081],[2.23811,48.8319438]]},"type":"Feature","properties":{"layer":"metro","database_org_id":"29588070","mongo_dest_id":"5453b63555474a336231a827","name":"M9","database_dest_id":"355153536","mongo_org_id":"5453b63555474a336231a02b","length":0.4761742263578937,"type":"edge","degreeDual":298}}
{"_id":{"$oid":"54b7bef755474a2bb2745818"},"geometry":{"type":"LineString","coordinates":[[2.3544678,48.8694199],[2.3487793,48.8706004]]},"type":"Feature","properties":{"layer":"metro","database_org_id":"256897077","mongo_dest_id":"5453b63455474a3362319831","name":"M8","database_dest_id":"256897078","mongo_org_id":"5453b63455474a336231982b","length":0.4362763233571956,"type":"edge","degreeDual":291}}
{"_id":{"$oid":"54b7bef755474a2bb274581b"},"geometry":{"type":"LineString","coordinates":[[2.2988351,48.8487832],[2.2937668,48.8446967]]},"type":"Feature","properties":{"layer":"metro","database_org_id":"34909170","mongo_dest_id":"5453b63555474a336231a749","name":"M8","database_dest_id":"264469160","mongo_org_id":"5453b63455474a33623182b7","length":0.5865347085380584,"type":"edge","degreeDual":291}}
{"_id":{"$oid":"54b7bef755474a2bb274581c"},"geometry":{"type":"LineString","coordinates":[[2.3432861,48.8715206],[2.3487793,48.8706004]]},"type":"Feature","properties":{"layer":"metro","database_org_id":"256897079","mongo_dest_id":"5453b63455474a3362319831","name":"M8","database_dest_id":"256897078","mongo_org_id":"5453b63455474a3362319830","length":0.4145925911596192,"type":"edge","degreeDual":291}}
{"_id":{"$oid":"54b7bef755474a2bb274581d"},"geometry":{"type":"LineString","coordinates":[[2.3989811,48.8322556],[2.4063451,48.8354584]]},"type":"Feature","properties":{"layer":"metro","database_org_id":"264491320","mongo_dest_id":"5453b63455474a33623182f7","name":"M8","database_dest_id":"264482297","mongo_org_id":"5453b63455474a3362318339","length":0.6460260906613007,"type":"edge","degreeDual":291}}
{"_id":{"$oid":"54b7bef755474a2bb274581e"},"geometry":{"type":"LineString","coordinates":[[2.3989811,48.8322556],[2.4057278,48.8266498]]},"type":"Feature","properties":{"layer":"metro","database_org_id":"264491320","mongo_dest_id":"5453b63455474a3362317edf","name":"M8","database_dest_id":"264482296","mongo_org_id":"5453b63455474a3362318339","length":0.7952634581478105,"type":"edge","degreeDual":291}}
{"_id":{"$oid":"54b7bef755474a2bb274581f"},"geometry":{"type":"LineString","coordinates":[[2.322138,48.8664075],[2.3251637,48.8700644]]},"type":"Feature","properties":{"layer":"metro","database_org_id":"27362256","mongo_dest_id":"5453b63455474a336231742f","name":"M8","database_dest_id":"264117312","mongo_org_id":"5453b63455474a33623199d6","length":0.46295227578500764,"type":"edge","degreeDual":291}}
{"_id":{"$oid":"54b7bef755474a2bb2745820"},"geometry":{"type":"LineString","coordinates":[[2.4492526,48.7963595],[2.4466949,48.8024711]]},"type":"Feature","properties":{"layer":"metro","database_org_id":"300867961","mongo_dest_id":"5453b63455474a3362318cb2","name":"M8","database_dest_id":"300870034","mongo_org_id":"5453b63455474a3362319112","length":0.7049270407664733,"type":"edge","degreeDual":291}}
{"_id":{"$oid":"54b7bef755474a2bb2745821"},"geometry":{"type":"LineString","coordinates":[[2.4136458,48.8214689],[2.421774,48.815077]]},"type":"Feature","properties":{"layer":"metro","database_org_id":"300877457","mongo_dest_id":"5453b63555474a336231a987","name":"M8","database_dest_id":"300876896","mongo_org_id":"5453b63455474a3362317a15","length":0.926997532379655,"type":"edge","degreeDual":291}}
{"_id":{"$oid":"54b7bef755474a2bb2745822"},"geometry":{"type":"LineString","coordinates":[[2.4136458,48.8214689],[2.4057278,48.8266498]]},"type":"Feature","properties":{"layer":"metro","database_org_id":"300877457","mongo_dest_id":"5453b63455474a3362317edf","name":"M8","database_dest_id":"264482296","mongo_org_id":"5453b63455474a3362317a15","length":0.8172418932153328,"type":"edge","degreeDual":291}}
{"_id":{"$oid":"54b7bef755474a2bb274593f"},"geometry":{"type":"LineString","coordinates":[[2.3146743,48.8627572],[2.322138,48.8664075]]},"type":"Feature","properties":{"layer":"metro","database_org_id":"264473695","mongo_dest_id":"5453b63455474a33623199d6","name":"M8","database_dest_id":"27362256","mongo_org_id":"5453b63455474a33623182d0","length":0.6803101286735628,"type":"edge","degreeDual":291}}
{"_id":{"$oid":"54b7bef755474a2bb274596b"},"geometry":{"type":"LineString","coordinates":[[2.3524557,48.866302],[2.3544678,48.8694199]]},"type":"Feature","properties":{"layer":"metro","database_org_id":"243507794","mongo_dest_id":"5453b63455474a336231982b","name":"M4","database_dest_id":"256897077","mongo_org_id":"5453b63455474a3362317a64","length":0.3766390369294432,"type":"edge","degreeDual":294}}
{"_id":{"$oid":"54b7bef755474a2bb2745970"},"geometry":{"type":"LineString","coordinates":[[2.4013152,48.8680997],[2.4043104,48.8715218]]},"type":"Feature","properties":{"layer":"metro","database_org_id":"264796182","mongo_dest_id":"5453b63455474a3362319692","name":"M3bis","database_dest_id":"264796181","mongo_org_id":"5453b63455474a33623182b0","length":0.43907631436168654,"type":"edge","degreeDual":24}}
{"_id":{"$oid":"54b7bef755474a2bb2745971"},"geometry":{"type":"LineString","coordinates":[[2.4043104,48.8715218],[2.4066804,48.8771276]]},"type":"Feature","properties":{"layer":"metro","database_org_id":"264796181","mongo_dest_id":"5453b63355474a3362317372","name":"M3bis","database_dest_id":"264690368","mongo_org_id":"5453b63455474a3362319692","length":0.6469861984870369,"type":"edge","degreeDual":24}}
{"_id":{"$oid":"54b7bef755474a2bb2745972"},"geometry":{"type":"LineString","coordinates":[[2.3042907,48.8839908],[2.3110507,48.8825292]]},"type":"Feature","properties":{"layer":"metro","database_org_id":"243510679","mongo_dest_id":"5453b63555474a336231a21e","name":"M3","database_dest_id":"243510678","mongo_org_id":"5453b63555474a336231a21d","length":0.5203324378903856,"type":"edge","degreeDual":250}}
{"_id":{"$oid":"54b7bef755474a2bb2745973"},"geometry":{"type":"LineString","coordinates":[[2.4013152,48.8680997],[2.3984802,48.8649326]]},"type":"Feature","properties":{"layer":"metro","database_org_id":"264796182","mongo_dest_id":"5453b63555474a336231a152","name":"M3bis","database_dest_id":"243507235","mongo_org_id":"5453b63455474a33623182b0","length":0.40868334266698575,"type":"edge","degreeDual":24}}
{"_id":{"$oid":"54b7bef755474a2bb2745974"},"geometry":{"type":"LineString","coordinates":[[2.3301258,48.8313954],[2.3269249,48.8280605]]},"type":"Feature","properties":{"layer":"metro","database_org_id":"220289385","mongo_dest_id":"5453b63455474a33623194b4","name":"M4","database_dest_id":"220289382","mongo_org_id":"5453b63555474a336231aeba","length":0.43864440673641697,"type":"edge","degreeDual":294}}
{"_id":{"$oid":"54b7bef755474a2bb2745975"},"geometry":{"type":"LineString","coordinates":[[2.3269249,48.8280605],[2.3256282,48.82288]]},"type":"Feature","properties":{"layer":"metro","database_org_id":"220289382","mongo_dest_id":"5453b63455474a3362318a64","name":"M4","database_dest_id":"220289379","mongo_org_id":"5453b63455474a33623194b4","length":0.583814292182099,"type":"edge","degreeDual":294}}
{"_id":{"$oid":"54b7bef755474a2bb2745977"},"geometry":{"type":"LineString","coordinates":[[2.3325902,48.8340204],[2.3308032,48.8389018]]},"type":"Feature","properties":{"layer":"metro","database_org_id":"220289387","mongo_dest_id":"5453b63555474a336231aec1","name":"M4","database_dest_id":"220289389","mongo_org_id":"5453b63555474a336231aeb9","length":0.5583221681308371,"type":"edge","degreeDual":294}}
{"_id":{"$oid":"54b7bef855474a2bb2745a8a"},"geometry":{"type":"LineString","coordinates":[[2.4008998,48.8413343],[2.4010776,48.8450642]]},"type":"Feature","properties":{"layer":"metro","database_org_id":"245455187","mongo_dest_id":"5453b63455474a3362317f59","name":"M6","database_dest_id":"264490283","mongo_org_id":"5453b63555474a336231acda","length":0.41495000250773784,"type":"edge","degreeDual":191}}
{"_id":{"$oid":"54b7bef855474a2bb2745a91"},"geometry":{"type":"LineString","coordinates":[[2.3325902,48.8340204],[2.3308032,48.8389018]]},"type":"Feature","properties":{"layer":"metro","database_org_id":"220289387","mongo_dest_id":"5453b63555474a336231aec1","name":"M6","database_dest_id":"220289389","mongo_org_id":"5453b63555474a336231aeb9","length":0.5583221681308371,"type":"edge","degreeDual":191}}
{"_id":{"$oid":"54b7bef855474a2bb2745a98"},"geometry":{"type":"LineString","coordinates":[[2.2935098,48.871677],[2.2956935,48.8736024]]},"type":"Feature","properties":{"layer":"metro","database_org_id":"260765385","mongo_dest_id":"5453b63555474a336231a3a2","name":"M6","database_dest_id":"243496033","mongo_org_id":"5453b63455474a33623180c6","length":0.26710195427747113,"type":"edge","degreeDual":191}}
{"_id":{"$oid":"54b7bef855474a2bb2745da0"},"geometry":{"type":"LineString","coordinates":[[2.3741232,48.8434791],[2.3799581,48.8401067]]},"type":"Feature","properties":{"layer":"metro","database_org_id":"1656938775","mongo_dest_id":"5453b63455474a3362318fe7","name":"M14","database_dest_id":"260762540","mongo_org_id":"5453b63555474a336231a59a","length":0.5682930325640984,"type":"edge","degreeDual":123}}
{"_id":{"$oid":"54b7bef855474a2bb2745da7"},"geometry":{"type":"LineString","coordinates":[[2.2970255,48.8153367],[2.2984833,48.8225032]]},"type":"Feature","properties":{"layer":"metro","database_org_id":"12388534","mongo_dest_id":"5453b63555474a336231a1e2","name":"M13","database_dest_id":"264717964","mongo_org_id":"5453b63555474a336231a5fe","length":0.8039945516203699,"type":"edge","degreeDual":190}}
{"_id":{"$oid":"54b7bef855474a2bb2745da8"},"geometry":{"type":"LineString","coordinates":[[2.2984833,48.8225032],[2.3140252,48.8317799]]},"type":"Feature","properties":{"layer":"metro","database_org_id":"264717964","mongo_dest_id":"5453b63455474a3362319100","name":"M13","database_dest_id":"264712432","mongo_org_id":"5453b63555474a336231a1e2","length":1.5357213716311369,"type":"edge","degreeDual":190}}
{"_id":{"$oid":"54b7bef855474a2bb2745da9"},"geometry":{"type":"LineString","coordinates":[[2.3274515,48.8835165],[2.3270787,48.8795976]]},"type":"Feature","properties":{"layer":"metro","database_org_id":"243496027","mongo_dest_id":"5453b63455474a336231931f","name":"M13","database_dest_id":"331514770","mongo_org_id":"5453b63555474a3362319d27","length":0.43661365249419426,"type":"edge","degreeDual":190}}
{"_id":{"$oid":"54b7bef855474a2bb2745daa"},"geometry":{"type":"LineString","coordinates":[[2.3140252,48.8317799],[2.3180764,48.8339551]]},"type":"Feature","properties":{"layer":"metro","database_org_id":"264712432","mongo_dest_id":"5453b63455474a3362319102","name":"M13","database_dest_id":"264712433","mongo_org_id":"5453b63455474a3362319100","length":0.3826618557371534,"type":"edge","degreeDual":190}}
{"_id":{"$oid":"54b7bef855474a2bb2745dab"},"geometry":{"type":"LineString","coordinates":[[2.2836436,48.9305465],[2.2862019,48.9231172]]},"type":"Feature","properties":{"layer":"metro","database_org_id":"269337982","mongo_dest_id":"5453b63455474a336231894b","name":"M13","database_dest_id":"269337980","mongo_org_id":"5453b63455474a336231894a","length":0.8469797860974759,"type":"edge","degreeDual":190}}
{"_id":{"$oid":"54b7bef855474a2bb2745ee8"},"geometry":{"type":"LineString","coordinates":[[2.2870524,48.8630266],[2.2902715,48.8669099]]},"type":"Feature","properties":{"layer":"metro","database_org_id":"260765389","mongo_dest_id":"5453b63455474a33623180c5","name":"M6","database_dest_id":"260765387","mongo_org_id":"5453b63455474a33623180c4","length":0.49183384769060257,"type":"edge","degreeDual":191}}
{"_id":{"$oid":"54b7bef855474a2bb2745ee9"},"geometry":{"type":"LineString","coordinates":[[2.2870524,48.8630266],[2.2859234,48.8573825]]},"type":"Feature","properties":{"layer":"metro","database_org_id":"260765389","mongo_dest_id":"5453b63555474a3362319e0a","name":"M6","database_dest_id":"260765390","mongo_org_id":"5453b63455474a33623180c4","length":0.6330065363306101,"type":"edge","degreeDual":191}}
{"_id":{"$oid":"54b7bef855474a2bb2745eec"},"geometry":{"type":"LineString","coordinates":[[2.3896778,48.8389924],[2.3799581,48.8401067]]},"type":"Feature","properties":{"layer":"metro","database_org_id":"260762378","mongo_dest_id":"5453b63455474a3362318fe7","name":"M6","database_dest_id":"260762540","mongo_org_id":"5453b63455474a3362319103","length":0.7220483065158517,"type":"edge","degreeDual":191}}
{"_id":{"$oid":"54b7bef855474a2bb2745eee"},"geometry":{"type":"LineString","coordinates":[[2.3325902,48.8340204],[2.3366295,48.8330168]]},"type":"Feature","properties":{"layer":"metro","database_org_id":"220289387","mongo_dest_id":"5453b63555474a336231ac1e","name":"M6","database_dest_id":"235369898","mongo_org_id":"5453b63555474a336231aeb9","length":0.31601239838575573,"type":"edge","degreeDual":191}}
{"_id":{"$oid":"54b7bef855474a2bb2745ef3"},"geometry":{"type":"LineString","coordinates":[[2.2902715,48.8669099],[2.2935098,48.871677]]},"type":"Feature","properties":{"layer":"metro","database_org_id":"260765387","mongo_dest_id":"5453b63455474a33623180c6","name":"M6","database_dest_id":"260765385","mongo_org_id":"5453b63455474a33623180c5","length":0.5805877573531016,"type":"edge","degreeDual":191}}
{"_id":{"$oid":"54b7bef855474a2bb27460ac"},"geometry":{"type":"LineString","coordinates":[[2.322138,48.8664075],[2.3137075,48.8678333]]},"type":"Feature","properties":{"layer":"metro","database_org_id":"27362256","mongo_dest_id":"5453b63455474a3362317db7","name":"M1","database_dest_id":"282635141","mongo_org_id":"5453b63455474a33623199d6","length":0.6367024182743672,"type":"edge","degreeDual":341}}
{"_id":{"$oid":"54b7bef855474a2bb27460b1"},"geometry":{"type":"LineString","coordinates":[[2.3361468,48.8623829],[2.3409358,48.8607697]]},"type":"Feature","properties":{"layer":"metro","database_org_id":"27362259","mongo_dest_id":"5453b63455474a33623178c1","name":"M1","database_dest_id":"27362260","mongo_org_id":"5453b63555474a336231a57a","length":0.3935833663816827,"type":"edge","degreeDual":341}}
{"_id":{"$oid":"54b7bef855474a2bb27460b4"},"geometry":{"type":"LineString","coordinates":[[2.3727163,48.8457111],[2.3866995,48.8472696]]},"type":"Feature","properties":{"layer":"metro","database_org_id":"27371889","mongo_dest_id":"5453b63455474a336231747e","name":"M1","database_dest_id":"27371892","mongo_org_id":"5453b63455474a33623190e1","length":1.0377923288345683,"type":"edge","degreeDual":341}}
{"_id":{"$oid":"54b7bef855474a2bb27460b5"},"geometry":{"type":"LineString","coordinates":[[2.2815392,48.8781189],[2.2891932,48.875713]]},"type":"Feature","properties":{"layer":"metro","database_org_id":"27362239","mongo_dest_id":"5453b63455474a3362317acc","name":"M1","database_dest_id":"27362240","mongo_org_id":"5453b63555474a3362319c0b","length":0.6203863551650246,"type":"edge","degreeDual":341}}
{"_id":{"$oid":"54b7bef855474a2bb27460b6"},"geometry":{"type":"LineString","coordinates":[[2.2815392,48.8781189],[2.2717733,48.8811205]]},"type":"Feature","properties":{"layer":"metro","database_org_id":"27362239","mongo_dest_id":"5453b63555474a3362319c0c","name":"M1","database_dest_id":"27362238","mongo_org_id":"5453b63555474a3362319c0b","length":0.7882914822653124,"type":"edge","degreeDual":341}}
{"_id":{"$oid":"54b7bef855474a2bb2746208"},"geometry":{"type":"LineString","coordinates":[[2.3842705,48.8500259],[2.3759944,48.8511945]]},"type":"Feature","properties":{"layer":"metro","database_org_id":"264481019","mongo_dest_id":"5453b63455474a3362318360","name":"M8","database_dest_id":"264480784","mongo_org_id":"5453b63555474a3362319b01","length":0.6193388230369812,"type":"edge","degreeDual":291}}
{"_id":{"$oid":"54b7bef855474a2bb2746209"},"geometry":{"type":"LineString","coordinates":[[2.3842705,48.8500259],[2.3866995,48.8472696]]},"type":"Feature","properties":{"layer":"metro","database_org_id":"264481019","mongo_dest_id":"5453b63455474a336231747e","name":"M8","database_dest_id":"27371892","mongo_org_id":"5453b63555474a3362319b01","length":0.35429303991728806,"type":"edge","degreeDual":291}}
{"_id":{"$oid":"54b7bef855474a2bb274620a"},"geometry":{"type":"LineString","coordinates":[[2.2917758,48.8426906],[2.2937668,48.8446967]]},"type":"Feature","properties":{"layer":"metro","database_org_id":"260231833","mongo_dest_id":"5453b63555474a336231a749","name":"M8","database_dest_id":"264469160","mongo_org_id":"5453b63555474a336231ad26","length":0.26643529693874163,"type":"edge","degreeDual":291}}
{"_id":{"$oid":"54b7bef855474a2bb274620b"},"geometry":{"type":"LineString","coordinates":[[2.2821427,48.838745],[2.2784,48.8363894]]},"type":"Feature","properties":{"layer":"metro","database_org_id":"260231831","mongo_dest_id":"5453b63455474a3362318d1d","name":"M8","database_dest_id":"260231828","mongo_org_id":"5453b63455474a3362318ea9","length":0.37899921281769006,"type":"edge","degreeDual":291}}
{"_id":{"$oid":"54b7bef855474a2bb274620c"},"geometry":{"type":"LineString","coordinates":[[2.2879218,48.8410837],[2.2917758,48.8426906]]},"type":"Feature","properties":{"layer":"metro","database_org_id":"260231832","mongo_dest_id":"5453b63555474a336231ad26","name":"M8","database_dest_id":"260231833","mongo_org_id":"5453b63555474a336231ad25","length":0.3338774699518476,"type":"edge","degreeDual":291}}
{"_id":{"$oid":"54b7bef855474a2bb274620d"},"geometry":{"type":"LineString","coordinates":[[2.2879218,48.8410837],[2.2821427,48.838745]]},"type":"Feature","properties":{"layer":"metro","database_org_id":"260231832","mongo_dest_id":"5453b63455474a3362318ea9","name":"M8","database_dest_id":"260231831","mongo_org_id":"5453b63555474a336231ad25","length":0.4964938406259211,"type":"edge","degreeDual":291}}
{"_id":{"$oid":"54b7bef855474a2bb274620e"},"geometry":{"type":"LineString","coordinates":[[2.3641177,48.8675846],[2.3544678,48.8694199]]},"type":"Feature","properties":{"layer":"metro","database_org_id":"243507791","mongo_dest_id":"5453b63455474a336231982b","name":"M8","database_dest_id":"256897077","mongo_org_id":"5453b63455474a3362318746","length":0.7347315952295147,"type":"edge","degreeDual":291}}
{"_id":{"$oid":"54b7bef855474a2bb274620f"},"geometry":{"type":"LineString","coordinates":[[2.3641177,48.8675846],[2.3668726,48.8632968]]},"type":"Feature","properties":{"layer":"metro","database_org_id":"243507791","mongo_dest_id":"5453b63555474a336231a01e","name":"M8","database_dest_id":"264476971","mongo_org_id":"5453b63455474a3362318746","length":0.5176180175560435,"type":"edge","degreeDual":291}}
{"_id":{"$oid":"54b7bef855474a2bb2746210"},"geometry":{"type":"LineString","coordinates":[[2.4347211,48.8090371],[2.4466949,48.8024711]]},"type":"Feature","properties":{"layer":"metro","database_org_id":"300870186","mongo_dest_id":"5453b63455474a3362318cb2","name":"M8","database_dest_id":"300870034","mongo_org_id":"5453b63455474a33623181ef","length":1.1410523157137764,"type":"edge","degreeDual":291}}
{"_id":{"$oid":"54b7bef855474a2bb2746211"},"geometry":{"type":"LineString","coordinates":[[2.4347211,48.8090371],[2.421774,48.815077]]},"type":"Feature","properties":{"layer":"metro","database_org_id":"300870186","mongo_dest_id":"5453b63555474a336231a987","name":"M8","database_dest_id":"300876896","mongo_org_id":"5453b63455474a33623181ef","length":1.1618365654905038,"type":"edge","degreeDual":291}}
{"_id":{"$oid":"54b7bef855474a2bb2746323"},"geometry":{"type":"LineString","coordinates":[[2.2854485,48.8698038],[2.2768954,48.8714638]]},"type":"Feature","properties":{"layer":"metro","database_org_id":"243496728","mongo_dest_id":"5453b63455474a3362318d1c","name":"M2","database_dest_id":"243496729","mongo_org_id":"5453b63455474a3362318d17","length":0.6522351547511749,"type":"edge","degreeDual":178}}
{"_id":{"$oid":"54b7bef855474a2bb2746324"},"geometry":{"type":"LineString","coordinates":[[2.2854485,48.8698038],[2.2956935,48.8736024]]},"type":"Feature","properties":{"layer":"metro","database_org_id":"243496728","mongo_dest_id":"5453b63555474a336231a3a2","name":"M2","database_dest_id":"243496033","mongo_org_id":"5453b63455474a3362318d17","length":0.8601513738558049,"type":"edge","degreeDual":178}}
{"_id":{"$oid":"54b7bef855474a2bb2746329"},"geometry":{"type":"LineString","coordinates":[[2.2956935,48.8736024],[2.2891932,48.875713]]},"type":"Feature","properties":{"layer":"metro","database_org_id":"243496033","mongo_dest_id":"5453b63455474a3362317acc","name":"M1","database_dest_id":"27362240","mongo_org_id":"5453b63555474a336231a3a2","length":0.5301659786654679,"type":"edge","degreeDual":341}}
{"_id":{"$oid":"54b7bef855474a2bb274632d"},"geometry":{"type":"LineString","coordinates":[[2.3443344,48.8829026],[2.3495338,48.8837592]]},"type":"Feature","properties":{"layer":"metro","database_org_id":"243494998","mongo_dest_id":"5453b63355474a3362317373","name":"M2","database_dest_id":"1480535477","mongo_org_id":"5453b63455474a3362317788","length":0.39193625045803027,"type":"edge","degreeDual":178}}
{"_id":{"$oid":"54b7bef855474a2bb274632e"},"geometry":{"type":"LineString","coordinates":[[2.3602786,48.8844216],[2.3495338,48.8837592]]},"type":"Feature","properties":{"layer":"metro","database_org_id":"329096792","mongo_dest_id":"5453b63355474a3362317373","name":"M2","database_dest_id":"1480535477","mongo_org_id":"5453b63455474a3362318e39","length":0.7891054248368751,"type":"edge","degreeDual":178}}
{"_id":{"$oid":"54b7bef855474a2bb27463bc"},"geometry":{"type":"LineString","coordinates":[[2.3467014,48.8583398],[2.3570872,48.8535245]]},"type":"Feature","properties":{"layer":"metro","database_org_id":"27371862","mongo_dest_id":"5453b63455474a3362318e89","name":"M7","database_dest_id":"264785952","mongo_org_id":"5453b63455474a3362319751","length":0.9295408271168902,"type":"edge","degreeDual":330}}
{"_id":{"$oid":"54b7bef855474a2bb27463bd"},"geometry":{"type":"LineString","coordinates":[[2.3623079,48.8789208],[2.3580551,48.876038]]},"type":"Feature","properties":{"layer":"metro","database_org_id":"326309672","mongo_dest_id":"5453b63555474a336231ad55","name":"M7","database_dest_id":"264508548","mongo_org_id":"5453b63355474a33623173a1","length":0.4466305387575593,"type":"edge","degreeDual":330}}
{"_id":{"$oid":"54b7bef855474a2bb274651f"},"geometry":{"type":"LineString","coordinates":[[2.4162842,48.8797387],[2.4066804,48.8771276]]},"type":"Feature","properties":{"layer":"metro","database_org_id":"264795933","mongo_dest_id":"5453b63355474a3362317372","name":"M11","database_dest_id":"264690368","mongo_org_id":"5453b63455474a33623175e0","length":0.7599585766391262,"type":"edge","degreeDual":136}}
{"_id":{"$oid":"54b7bef855474a2bb2746520"},"geometry":{"type":"LineString","coordinates":[[2.3641177,48.8675846],[2.3563464,48.8654878]]},"type":"Feature","properties":{"layer":"metro","database_org_id":"243507791","mongo_dest_id":"5453b63455474a3362317bc0","name":"M11","database_dest_id":"243507793","mongo_org_id":"5453b63455474a3362318746","length":0.6143952785589392,"type":"edge","degreeDual":136}}
{"_id":{"$oid":"54b7bef855474a2bb2746522"},"geometry":{"type":"LineString","coordinates":[[2.3893345,48.8750969],[2.3852526,48.8738469]]},"type":"Feature","properties":{"layer":"metro","database_org_id":"264692522","mongo_dest_id":"5453b63455474a3362319201","name":"M11","database_dest_id":"264690372","mongo_org_id":"5453b63355474a33623172bf","length":0.32929789636414925,"type":"edge","degreeDual":136}}
{"_id":{"$oid":"54b7bef855474a2bb2746523"},"geometry":{"type":"LineString","coordinates":[[2.3893345,48.8750969],[2.3935636,48.8767737]]},"type":"Feature","properties":{"layer":"metro","database_org_id":"264692522","mongo_dest_id":"5453b63455474a336231968e","name":"M11","database_dest_id":"2066461402","mongo_org_id":"5453b63355474a33623172bf","length":0.36113689229494966,"type":"edge","degreeDual":136}}
{"_id":{"$oid":"54b7bef855474a2bb2746524"},"geometry":{"type":"LineString","coordinates":[[2.3990396,48.8754657],[2.4066804,48.8771276]]},"type":"Feature","properties":{"layer":"metro","database_org_id":"264690370","mongo_dest_id":"5453b63355474a3362317372","name":"M11","database_dest_id":"264690368","mongo_org_id":"5453b63455474a33623191ff","length":0.5885468063365229,"type":"edge","degreeDual":136}}
{"_id":{"$oid":"54b7bef855474a2bb2746525"},"geometry":{"type":"LineString","coordinates":[[2.3990396,48.8754657],[2.3935636,48.8767737]]},"type":"Feature","properties":{"layer":"metro","database_org_id":"264690370","mongo_dest_id":"5453b63455474a336231968e","name":"M11","database_dest_id":"2066461402","mongo_org_id":"5453b63455474a33623191ff","length":0.42606251866154726,"type":"edge","degreeDual":136}}
{"_id":{"$oid":"54b7bef855474a2bb2746526"},"geometry":{"type":"LineString","coordinates":[[2.3535761,48.861274],[2.3563464,48.8654878]]},"type":"Feature","properties":{"layer":"metro","database_org_id":"264592424","mongo_dest_id":"5453b63455474a3362317bc0","name":"M11","database_dest_id":"243507793","mongo_org_id":"5453b63455474a3362317c32","length":0.510498229988622,"type":"edge","degreeDual":136}}
{"_id":{"$oid":"54b7bef855474a2bb2746527"},"geometry":{"type":"LineString","coordinates":[[2.3710617,48.8700162],[2.3769849,48.8720463]]},"type":"Feature","properties":{"layer":"metro","database_org_id":"264591604","mongo_dest_id":"5453b63555474a336231a067","name":"M11","database_dest_id":"243493845","mongo_org_id":"5453b63455474a3362317527","length":0.48850258671479124,"type":"edge","degreeDual":136}}
{"_id":{"$oid":"54b7bef855474a2bb2746528"},"geometry":{"type":"LineString","coordinates":[[2.3710617,48.8700162],[2.3641177,48.8675846]]},"type":"Feature","properties":{"layer":"metro","database_org_id":"264591604","mongo_dest_id":"5453b63455474a3362318746","name":"M11","database_dest_id":"243507791","mongo_org_id":"5453b63455474a3362317527","length":0.5753864050390094,"type":"edge","degreeDual":136}}
{"_id":{"$oid":"54b7bef855474a2bb2746529"},"geometry":{"type":"LineString","coordinates":[[2.3769849,48.8720463],[2.3852526,48.8738469]]},"type":"Feature","properties":{"layer":"metro","database_org_id":"243493845","mongo_dest_id":"5453b63455474a3362319201","name":"M11","database_dest_id":"264690372","mongo_org_id":"5453b63555474a336231a067","length":0.6369553747952471,"type":"edge","degreeDual":136}}
{"_id":{"$oid":"54b7bef855474a2bb27466c9"},"geometry":{"type":"LineString","coordinates":[[2.3256961,48.8874127],[2.3201235,48.890517]]},"type":"Feature","properties":{"layer":"metro","database_org_id":"261612240","mongo_dest_id":"5453b63455474a3362317a86","name":"M13","database_dest_id":"261611884","mongo_org_id":"5453b63455474a3362317ec2","length":0.5339937975757311,"type":"edge","degreeDual":190}}
{"_id":{"$oid":"54b7bef855474a2bb274677d"},"geometry":{"type":"LineString","coordinates":[[2.3251637,48.8700644],[2.3254192,48.8754744]]},"type":"Feature","properties":{"layer":"metro","database_org_id":"264117312","mongo_dest_id":"5453b63455474a3362317a1a","name":"M14","database_dest_id":"243510338","mongo_org_id":"5453b63455474a336231742f","length":0.6018547110950081,"type":"edge","degreeDual":123}}
{"_id":{"$oid":"54b7bef855474a2bb274677e"},"geometry":{"type":"LineString","coordinates":[[2.3251637,48.8700644],[2.3344599,48.8656737]]},"type":"Feature","properties":{"layer":"metro","database_org_id":"264117312","mongo_dest_id":"5453b63455474a33623194f2","name":"M14","database_dest_id":"264494507","mongo_org_id":"5453b63455474a336231742f","length":0.8370822268221484,"type":"edge","degreeDual":123}}
{"_id":{"$oid":"54b7bef855474a2bb274677f"},"geometry":{"type":"LineString","coordinates":[[2.3344599,48.8656737],[2.3467014,48.8583398]]},"type":"Feature","properties":{"layer":"metro","database_org_id":"264494507","mongo_dest_id":"5453b63455474a3362319751","name":"M14","database_dest_id":"27371862","mongo_org_id":"5453b63455474a33623194f2","length":1.2111722099603972,"type":"edge","degreeDual":123}}
{"_id":{"$oid":"54b7bef855474a2bb2746780"},"geometry":{"type":"LineString","coordinates":[[2.3799581,48.8401067],[2.38585,48.8333982]]},"type":"Feature","properties":{"layer":"metro","database_org_id":"260762540","mongo_dest_id":"5453b63555474a336231aae5","name":"M14","database_dest_id":"264491191","mongo_org_id":"5453b63455474a3362318fe7","length":0.8616246437699533,"type":"edge","degreeDual":123}}
{"_id":{"$oid":"54b7bef855474a2bb2746781"},"geometry":{"type":"LineString","coordinates":[[2.3662163,48.8269184],[2.3770128,48.8296302]]},"type":"Feature","properties":{"layer":"metro","database_org_id":"264491193","mongo_dest_id":"5453b63555474a336231a5f1","name":"M14","database_dest_id":"2002449281","mongo_org_id":"5453b63555474a336231aae7","length":0.8458920300772244,"type":"edge","degreeDual":123}}
{"_id":{"$oid":"54b7bef855474a2bb2746782"},"geometry":{"type":"LineString","coordinates":[[2.38585,48.8333982],[2.3770128,48.8296302]]},"type":"Feature","properties":{"layer":"metro","database_org_id":"264491191","mongo_dest_id":"5453b63555474a336231a5f1","name":"M14","database_dest_id":"2002449281","mongo_org_id":"5453b63555474a336231aae5","length":0.7706935283179573,"type":"edge","degreeDual":123}}
{"_id":{"$oid":"54b7bef855474a2bb2746bfc"},"geometry":{"type":"LineString","coordinates":[[2.3585049,48.8225268],[2.3622359,48.810328]]},"type":"Feature","properties":{"layer":"metro","database_org_id":"268467526","mongo_dest_id":"5453b63455474a3362318475","name":"M7","database_dest_id":"318537042","mongo_org_id":"5453b63455474a3362318206","length":1.383679650071552,"type":"edge","degreeDual":330}}
{"_id":{"$oid":"54b7bef855474a2bb2746c1c"},"geometry":{"type":"LineString","coordinates":[[2.3673857,48.7869402],[2.3683672,48.7960877]]},"type":"Feature","properties":{"layer":"metro","database_org_id":"318536848","mongo_dest_id":"5453b63555474a336231a4c6","name":"M7","database_dest_id":"318536943","mongo_org_id":"5453b63555474a3362319f3c","length":1.019693640602016,"type":"edge","degreeDual":330}}
{"_id":{"$oid":"54b7bef855474a2bb2746c34"},"geometry":{"type":"LineString","coordinates":[[2.4041397,48.9147221],[2.3921656,48.9036536]]},"type":"Feature","properties":{"layer":"metro","database_org_id":"270244435","mongo_dest_id":"5453b63555474a336231a39c","name":"M7","database_dest_id":"270244436","mongo_org_id":"5453b63555474a336231a39a","length":1.5101608161641789,"type":"edge","degreeDual":330}}
{"_id":{"$oid":"54b7bef855474a2bb2746c35"},"geometry":{"type":"LineString","coordinates":[[2.3767001,48.8904888],[2.3821116,48.8945067]]},"type":"Feature","properties":{"layer":"metro","database_org_id":"264776029","mongo_dest_id":"5453b63555474a336231ae7f","name":"M7","database_dest_id":"264776910","mongo_org_id":"5453b63455474a336231836a","length":0.5967585844082542,"type":"edge","degreeDual":330}}
{"_id":{"$oid":"54b7bef855474a2bb2746c39"},"geometry":{"type":"LineString","coordinates":[[2.383979,48.8109282],[2.3773455,48.8159011]]},"type":"Feature","properties":{"layer":"metro","database_org_id":"472985886","mongo_dest_id":"5453b63455474a3362319024","name":"M7","database_dest_id":"472985885","mongo_org_id":"5453b63455474a3362319021","length":0.7360005845380082,"type":"edge","degreeDual":330}}
{"_id":{"$oid":"54b7bef855474a2bb2746c3b"},"geometry":{"type":"LineString","coordinates":[[2.3647992,48.8201086],[2.3595477,48.8191302]]},"type":"Feature","properties":{"layer":"metro","database_org_id":"472985883","mongo_dest_id":"5453b63555474a336231a7dd","name":"M7","database_dest_id":"268467559","mongo_org_id":"5453b63455474a3362319026","length":0.399580366531703,"type":"edge","degreeDual":330}}
{"_id":{"$oid":"54b7bef855474a2bb2746c3c"},"geometry":{"type":"LineString","coordinates":[[2.3322643,48.8707693],[2.3333207,48.8730612]]},"type":"Feature","properties":{"layer":"metro","database_org_id":"243510336","mongo_dest_id":"5453b63555474a336231a3a0","name":"M7","database_dest_id":"256897458","mongo_org_id":"5453b63455474a336231911d","length":0.266302217415333,"type":"edge","degreeDual":330}}
{"_id":{"$oid":"54b7bef855474a2bb2746c3d"},"geometry":{"type":"LineString","coordinates":[[2.3622044,48.851263],[2.3549579,48.8460116]]},"type":"Feature","properties":{"layer":"metro","database_org_id":"264785951","mongo_dest_id":"5453b63455474a3362318ea3","name":"M7","database_dest_id":"260040968","mongo_org_id":"5453b63455474a3362318e87","length":0.7887506549073398,"type":"edge","degreeDual":330}}
{"_id":{"$oid":"54b7bef855474a2bb2746c3f"},"geometry":{"type":"LineString","coordinates":[[2.3767001,48.8904888],[2.3740693,48.8885069]]},"type":"Feature","properties":{"layer":"metro","database_org_id":"264776029","mongo_dest_id":"5453b63455474a336231836b","name":"M7","database_dest_id":"264776028","mongo_org_id":"5453b63455474a336231836a","length":0.2925100370515435,"type":"edge","degreeDual":330}}
{"_id":{"$oid":"54b7bef855474a2bb2746c40"},"geometry":{"type":"LineString","coordinates":[[2.3622044,48.851263],[2.3570872,48.8535245]]},"type":"Feature","properties":{"layer":"metro","database_org_id":"264785951","mongo_dest_id":"5453b63455474a3362318e89","name":"M7","database_dest_id":"264785952","mongo_org_id":"5453b63455474a3362318e87","length":0.4510171303663085,"type":"edge","degreeDual":330}}
{"_id":{"$oid":"54b7bef855474a2bb2746f5a"},"geometry":{"type":"LineString","coordinates":[[2.3395091,48.8720176],[2.3432861,48.8715206]]},"type":"Feature","properties":{"layer":"metro","database_org_id":"256897080","mongo_dest_id":"5453b63455474a3362319830","name":"M9","database_dest_id":"256897079","mongo_org_id":"5453b63455474a336231753e","length":0.2817161855778269,"type":"edge","degreeDual":298}}
{"_id":{"$oid":"54b7bef855474a2bb2746f5b"},"geometry":{"type":"LineString","coordinates":[[2.4013757,48.8518166],[2.4061094,48.8526992]]},"type":"Feature","properties":{"layer":"metro","database_org_id":"243486950","mongo_dest_id":"5453b63555474a336231ab12","name":"M9","database_dest_id":"256441194","mongo_org_id":"5453b63455474a33623174b5","length":0.3599847084714413,"type":"edge","degreeDual":298}}
{"_id":{"$oid":"54b7bef855474a2bb2746f5c"},"geometry":{"type":"LineString","coordinates":[[2.4013757,48.8518166],[2.3960523,48.8480576]]},"type":"Feature","properties":{"layer":"metro","database_org_id":"243486950","mongo_dest_id":"5453b63555474a3362319bcd","name":"M9","database_dest_id":"241928557","mongo_org_id":"5453b63455474a33623174b5","length":0.5713397889113876,"type":"edge","degreeDual":298}}
{"_id":{"$oid":"54b7bef855474a2bb2746f5d"},"geometry":{"type":"LineString","coordinates":[[2.3695694,48.8641314],[2.3747956,48.8610516]]},"type":"Feature","properties":{"layer":"metro","database_org_id":"256896059","mongo_dest_id":"5453b63555474a336231aeb0","name":"M9","database_dest_id":"256895609","mongo_org_id":"5453b63455474a3362317f11","length":0.5132583601843631,"type":"edge","degreeDual":298}}
{"_id":{"$oid":"54b7bef855474a2bb2746f5e"},"geometry":{"type":"LineString","coordinates":[[2.3197963,48.874703],[2.3276269,48.8736019]]},"type":"Feature","properties":{"layer":"metro","database_org_id":"256897554","mongo_dest_id":"5453b63455474a336231911e","name":"M9","database_dest_id":"243510337","mongo_org_id":"5453b63555474a336231a180","length":0.5856295240885827,"type":"edge","degreeDual":298}}
{"_id":{"$oid":"54b7bef855474a2bb2746f5f"},"geometry":{"type":"LineString","coordinates":[[2.2870524,48.8630266],[2.2937783,48.8646725]]},"type":"Feature","properties":{"layer":"metro","database_org_id":"260765389","mongo_dest_id":"5453b63455474a3362317dde","name":"M9","database_dest_id":"260767422","mongo_org_id":"5453b63455474a33623180c4","length":0.524934287457546,"type":"edge","degreeDual":298}}
{"_id":{"$oid":"54b7bef855474a2bb2746f60"},"geometry":{"type":"LineString","coordinates":[[2.2870524,48.8630266],[2.2780859,48.8640063]]},"type":"Feature","properties":{"layer":"metro","database_org_id":"260765389","mongo_dest_id":"5453b63455474a3362317ddd","name":"M9","database_dest_id":"260767423","mongo_org_id":"5453b63455474a33623180c4","length":0.6648857796656139,"type":"edge","degreeDual":298}}
{"_id":{"$oid":"54b7bef855474a2bb2746f61"},"geometry":{"type":"LineString","coordinates":[[2.3641177,48.8675846],[2.3695694,48.8641314]]},"type":"Feature","properties":{"layer":"metro","database_org_id":"243507791","mongo_dest_id":"5453b63455474a3362317f11","name":"M9","database_dest_id":"256896059","mongo_org_id":"5453b63455474a3362318746","length":0.5535882859750785,"type":"edge","degreeDual":298}}
{"_id":{"$oid":"54b7bef855474a2bb2746f62"},"geometry":{"type":"LineString","coordinates":[[2.3090043,48.8693137],[2.3006256,48.8649686]]},"type":"Feature","properties":{"layer":"metro","database_org_id":"27362251","mongo_dest_id":"5453b63555474a336231a366","name":"M9","database_dest_id":"260769132","mongo_org_id":"5453b63455474a33623199d2","length":0.7804054010751544,"type":"edge","degreeDual":298}}
{"_id":{"$oid":"54b7bef855474a2bb2746f63"},"geometry":{"type":"LineString","coordinates":[[2.3747956,48.8610516],[2.3798044,48.858158]]},"type":"Feature","properties":{"layer":"metro","database_org_id":"256895609","mongo_dest_id":"5453b63455474a3362317e1e","name":"M9","database_dest_id":"256895321","mongo_org_id":"5453b63555474a336231aeb0","length":0.4876384273217569,"type":"edge","degreeDual":298}}
{"_id":{"$oid":"54b7bef855474a2bb27470a7"},"geometry":{"type":"LineString","coordinates":[[2.3747542,48.8652193],[2.3641177,48.8675846]]},"type":"Feature","properties":{"layer":"metro","database_org_id":"243507790","mongo_dest_id":"5453b63455474a3362318746","name":"M3","database_dest_id":"243507791","mongo_org_id":"5453b63455474a3362317bcf","length":0.8212695290222224,"type":"edge","degreeDual":250}}
{"_id":{"$oid":"54b7bef855474a2bb27470a8"},"geometry":{"type":"LineString","coordinates":[[2.3524557,48.866302],[2.3463248,48.8676419]]},"type":"Feature","properties":{"layer":"metro","database_org_id":"243507794","mongo_dest_id":"5453b63455474a336231874a","name":"M3","database_dest_id":"243507795","mongo_org_id":"5453b63455474a3362317a64","length":0.47254748677363295,"type":"edge","degreeDual":250}}
{"_id":{"$oid":"54b7bef855474a2bb27470a9"},"geometry":{"type":"LineString","coordinates":[[2.3463248,48.8676419],[2.3412605,48.8686692]]},"type":"Feature","properties":{"layer":"metro","database_org_id":"243507795","mongo_dest_id":"5453b63455474a336231911b","name":"M3","database_dest_id":"243510334","mongo_org_id":"5453b63455474a336231874a","length":0.38763320761084386,"type":"edge","degreeDual":250}}
{"_id":{"$oid":"54b7bef855474a2bb27470aa"},"geometry":{"type":"LineString","coordinates":[[2.2803973,48.8971408],[2.2852229,48.8921077]]},"type":"Feature","properties":{"layer":"metro","database_org_id":"255161921","mongo_dest_id":"5453b63455474a3362318cd4","name":"M3","database_dest_id":"255000799","mongo_org_id":"5453b63455474a3362319529","length":0.6615612533016696,"type":"edge","degreeDual":250}}
{"_id":{"$oid":"54b7bef855474a2bb27470ab"},"geometry":{"type":"LineString","coordinates":[[2.3614233,48.8666345],[2.3563464,48.8654878]]},"type":"Feature","properties":{"layer":"metro","database_org_id":"243507792","mongo_dest_id":"5453b63455474a3362317bc0","name":"M3","database_dest_id":"243507793","mongo_org_id":"5453b63455474a3362318743","length":0.3926374060193708,"type":"edge","degreeDual":250}}
{"_id":{"$oid":"54b7bef855474a2bb27470ac"},"geometry":{"type":"LineString","coordinates":[[2.3614233,48.8666345],[2.3641177,48.8675846]]},"type":"Feature","properties":{"layer":"metro","database_org_id":"243507792","mongo_dest_id":"5453b63455474a3362318746","name":"M3","database_dest_id":"243507791","mongo_org_id":"5453b63455474a3362318743","length":0.2236119066487466,"type":"edge","degreeDual":250}}
{"_id":{"$oid":"54b7bef855474a2bb27470ad"},"geometry":{"type":"LineString","coordinates":[[2.3563464,48.8654878],[2.3524557,48.866302]]},"type":"Feature","properties":{"layer":"metro","database_org_id":"243507793","mongo_dest_id":"5453b63455474a3362317a64","name":"M3","database_dest_id":"243507794","mongo_org_id":"5453b63455474a3362317bc0","length":0.29864527999419205,"type":"edge","degreeDual":250}}
{"_id":{"$oid":"54b7bef855474a2bb27470ae"},"geometry":{"type":"LineString","coordinates":[[2.3747542,48.8652193],[2.3794597,48.864302]]},"type":"Feature","properties":{"layer":"metro","database_org_id":"243507790","mongo_dest_id":"5453b63555474a336231a4c9","name":"M3","database_dest_id":"243507789","mongo_org_id":"5453b63455474a3362317bcf","length":0.3589944843511818,"type":"edge","degreeDual":250}}
{"_id":{"$oid":"54b7bef855474a2bb27470af"},"geometry":{"type":"LineString","coordinates":[[2.2982623,48.8847948],[2.2926417,48.8856871]]},"type":"Feature","properties":{"layer":"metro","database_org_id":"243510680","mongo_dest_id":"5453b63455474a3362318aea","name":"M3","database_dest_id":"243510681","mongo_org_id":"5453b63455474a3362318ae9","length":0.4227766377224838,"type":"edge","degreeDual":250}}
{"_id":{"$oid":"54b7bef855474a2bb27470b0"},"geometry":{"type":"LineString","coordinates":[[2.2982623,48.8847948],[2.3042907,48.8839908]]},"type":"Feature","properties":{"layer":"metro","database_org_id":"243510680","mongo_dest_id":"5453b63555474a336231a21d","name":"M3","database_dest_id":"243510679","mongo_org_id":"5453b63455474a3362318ae9","length":0.4497689281720529,"type":"edge","degreeDual":250}}
{"_id":{"$oid":"54b7bef855474a2bb2747355"},"geometry":{"type":"LineString","coordinates":[[2.3496679,48.8915769],[2.3497042,48.8873214]]},"type":"Feature","properties":{"layer":"metro","database_org_id":"1481147746","mongo_dest_id":"5453b63455474a33623191b9","name":"M4","database_dest_id":"264507100","mongo_org_id":"5453b63455474a3362317868","length":0.4731974529280882,"type":"edge","degreeDual":294}}
{"_id":{"$oid":"54b7bef855474a2bb2747356"},"geometry":{"type":"LineString","coordinates":[[2.3243262,48.843971],[2.3270822,48.8470711]]},"type":"Feature","properties":{"layer":"metro","database_org_id":"324363999","mongo_dest_id":"5453b63555474a336231a7e7","name":"M4","database_dest_id":"264520061","mongo_org_id":"5453b63555474a336231acd1","length":0.399376017513755,"type":"edge","degreeDual":294}}
{"_id":{"$oid":"54b7bef855474a2bb2747357"},"geometry":{"type":"LineString","coordinates":[[2.354899,48.8800091],[2.3495338,48.8837592]]},"type":"Feature","properties":{"layer":"metro","database_org_id":"264508125","mongo_dest_id":"5453b63355474a3362317373","name":"M4","database_dest_id":"1480535477","mongo_org_id":"5453b63455474a3362317420","length":0.5725366362069322,"type":"edge","degreeDual":294}}
{"_id":{"$oid":"54b7bef855474a2bb2747358"},"geometry":{"type":"LineString","coordinates":[[2.3311829,48.8514725],[2.3270822,48.8470711]]},"type":"Feature","properties":{"layer":"metro","database_org_id":"324352448","mongo_dest_id":"5453b63555474a336231a7e7","name":"M4","database_dest_id":"264520061","mongo_org_id":"5453b63455474a33623178b7","length":0.5740702932260673,"type":"edge","degreeDual":294}}
{"_id":{"$oid":"54b7bef855474a2bb274746e"},"geometry":{"type":"LineString","coordinates":[[2.3659442,48.884287],[2.3703263,48.8825949]]},"type":"Feature","properties":{"layer":"metro","database_org_id":"235377792","mongo_dest_id":"5453b63455474a336231907e","name":"M2","database_dest_id":"1997722992","mongo_org_id":"5453b63555474a336231ad79","length":0.37158146502572026,"type":"edge","degreeDual":178}}
{"_id":{"$oid":"54b7bef855474a2bb2747471"},"geometry":{"type":"LineString","coordinates":[[2.3659442,48.884287],[2.3602786,48.8844216]]},"type":"Feature","properties":{"layer":"metro","database_org_id":"235377792","mongo_dest_id":"5453b63455474a3362318e39","name":"M2","database_dest_id":"329096792","mongo_org_id":"5453b63555474a336231ad79","length":0.41453708227168096,"type":"edge","degreeDual":178}}
{"_id":{"$oid":"54b7bef855474a2bb2747473"},"geometry":{"type":"LineString","coordinates":[[2.4398829,48.8444696],[2.4293269,48.8454354]]},"type":"Feature","properties":{"layer":"metro","database_org_id":"241928757","mongo_dest_id":"5453b63555474a336231a26d","name":"M1","database_dest_id":"241928758","mongo_org_id":"5453b63455474a33623179b4","length":0.7798886135297081,"type":"edge","degreeDual":341}}
{"_id":{"$oid":"54b7bef855474a2bb2747477"},"geometry":{"type":"LineString","coordinates":[[2.3012613,48.8718025],[2.2956935,48.8736024]]},"type":"Feature","properties":{"layer":"metro","database_org_id":"27362249","mongo_dest_id":"5453b63555474a336231a3a2","name":"M1","database_dest_id":"243496033","mongo_org_id":"5453b63455474a3362317ac8","length":0.4537359906069041,"type":"edge","degreeDual":341}}
{"_id":{"$oid":"54b7bef855474a2bb27474aa"},"geometry":{"type":"LineString","coordinates":[[2.3151577,48.8568058],[2.3143901,48.8514]]},"type":"Feature","properties":{"layer":"metro","database_org_id":"245250759","mongo_dest_id":"5453b63455474a3362317781","name":"M13","database_dest_id":"245250758","mongo_org_id":"5453b63455474a3362317780","length":0.6037153793213873,"type":"edge","degreeDual":190}}
{"_id":{"$oid":"54b7bef855474a2bb27474ab"},"geometry":{"type":"LineString","coordinates":[[2.3151577,48.8568058],[2.3146743,48.8627572]]},"type":"Feature","properties":{"layer":"metro","database_org_id":"245250759","mongo_dest_id":"5453b63455474a33623182d0","name":"M13","database_dest_id":"264473695","mongo_org_id":"5453b63455474a3362317780","length":0.6627096875827739,"type":"edge","degreeDual":190}}
{"_id":{"$oid":"54b7bef855474a2bb27474ac"},"geometry":{"type":"LineString","coordinates":[[2.3144204,48.893964],[2.3201235,48.890517]]},"type":"Feature","properties":{"layer":"metro","database_org_id":"261611873","mongo_dest_id":"5453b63455474a3362317a86","name":"M13","database_dest_id":"261611884","mongo_org_id":"5453b63555474a336231a233","length":0.5663496095955388,"type":"edge","degreeDual":190}}
{"_id":{"$oid":"54b7bef855474a2bb27474ad"},"geometry":{"type":"LineString","coordinates":[[2.3144204,48.893964],[2.3053664,48.9038952]]},"type":"Feature","properties":{"layer":"metro","database_org_id":"261611873","mongo_dest_id":"5453b63455474a3362317499","name":"M13","database_dest_id":"261611470","mongo_org_id":"5453b63555474a336231a233","length":1.2874388124445058,"type":"edge","degreeDual":190}}
{"_id":{"$oid":"54b7bef855474a2bb27474ae"},"geometry":{"type":"LineString","coordinates":[[2.3289008,48.8973715],[2.3320476,48.9061915]]},"type":"Feature","properties":{"layer":"metro","database_org_id":"265060832","mongo_dest_id":"5453b63455474a33623184c6","name":"M13","database_dest_id":"265060965","mongo_org_id":"5453b63555474a336231aee5","length":1.0073506659097153,"type":"edge","degreeDual":190}}
{"_id":{"$oid":"54b7bef855474a2bb27474af"},"geometry":{"type":"LineString","coordinates":[[2.3166512,48.8468543],[2.3211592,48.8419339]]},"type":"Feature","properties":{"layer":"metro","database_org_id":"245250755","mongo_dest_id":"5453b63555474a336231a513","name":"M13","database_dest_id":"1805529567","mongo_org_id":"5453b63455474a3362317782","length":0.6388813894828899,"type":"edge","degreeDual":190}}
{"_id":{"$oid":"54b7bef855474a2bb27474b0"},"geometry":{"type":"LineString","coordinates":[[2.3016518,48.810815],[2.2970255,48.8153367]]},"type":"Feature","properties":{"layer":"metro","database_org_id":"12388528","mongo_dest_id":"5453b63555474a336231a5fe","name":"M13","database_dest_id":"12388534","mongo_org_id":"5453b63455474a3362318877","length":0.6062615856929934,"type":"edge","degreeDual":190}}
{"_id":{"$oid":"54b7bef855474a2bb27474b1"},"geometry":{"type":"LineString","coordinates":[[2.3143901,48.8514],[2.3166512,48.8468543]]},"type":"Feature","properties":{"layer":"metro","database_org_id":"245250758","mongo_dest_id":"5453b63455474a3362317782","name":"M13","database_dest_id":"245250755","mongo_org_id":"5453b63455474a3362317781","length":0.5318471495868229,"type":"edge","degreeDual":190}}
{"_id":{"$oid":"54b7bef855474a2bb27474b2"},"geometry":{"type":"LineString","coordinates":[[2.3320476,48.9061915],[2.3339725,48.9118944]]},"type":"Feature","properties":{"layer":"metro","database_org_id":"265060965","mongo_dest_id":"5453b63455474a3362319495","name":"M13","database_dest_id":"313428413","mongo_org_id":"5453b63455474a33623184c6","length":0.6495504691386061,"type":"edge","degreeDual":190}}
{"_id":{"$oid":"54b7bef855474a2bb27474b3"},"geometry":{"type":"LineString","coordinates":[[2.3289008,48.8973715],[2.3274728,48.8927063]]},"type":"Feature","properties":{"layer":"metro","database_org_id":"265060832","mongo_dest_id":"5453b63455474a33623199cc","name":"M13","database_dest_id":"265060052","mongo_org_id":"5453b63555474a336231aee5","length":0.5291463090498705,"type":"edge","degreeDual":190}}
{"_id":{"$oid":"54b7bef855474a2bb27475f5"},"geometry":{"type":"LineString","coordinates":[[2.3386296,48.8898183],[2.3443983,48.8924166]]},"type":"Feature","properties":{"layer":"metro","database_org_id":"264505153","mongo_dest_id":"5453b63455474a3362317afb","name":"M12","database_dest_id":"264505450","mongo_org_id":"5453b63555474a336231a3c5","length":0.5112193198424623,"type":"edge","degreeDual":201}}
{"_id":{"$oid":"54b7bef855474a2bb27475f6"},"geometry":{"type":"LineString","coordinates":[[2.3592969,48.8977084],[2.3598783,48.8905035]]},"type":"Feature","properties":{"layer":"metro","database_org_id":"264505930","mongo_dest_id":"5453b63555474a336231ab5f","name":"M12","database_dest_id":"249335596","mongo_org_id":"5453b63555474a336231a733","length":0.8022750078134344,"type":"edge","degreeDual":201}}
{"_id":{"$oid":"54b7bef855474a2bb27475f7"},"geometry":{"type":"LineString","coordinates":[[2.3374732,48.8784508],[2.3373703,48.8823612]]},"type":"Feature","properties":{"layer":"metro","database_org_id":"264504832","mongo_dest_id":"5453b63455474a3362317969","name":"M12","database_dest_id":"243496024","mongo_org_id":"5453b63455474a3362318140","length":0.43488174386656087,"type":"edge","degreeDual":201}}
{"_id":{"$oid":"54b7bef855474a2bb27475f8"},"geometry":{"type":"LineString","coordinates":[[2.3374732,48.8784508],[2.3385532,48.8760654]]},"type":"Feature","properties":{"layer":"metro","database_org_id":"264504832","mongo_dest_id":"5453b63455474a336231752e","name":"M12","database_dest_id":"264495078","mongo_org_id":"5453b63455474a3362318140","length":0.27675348489897406,"type":"edge","degreeDual":201}}
{"_id":{"$oid":"54b7bef855474a2bb27475f9"},"geometry":{"type":"LineString","coordinates":[[2.3175634,48.8443954],[2.3126019,48.8429457]]},"type":"Feature","properties":{"layer":"metro","database_org_id":"244494496","mongo_dest_id":"5453b63555474a336231aeae","name":"M12","database_dest_id":"260764273","mongo_org_id":"5453b63555474a336231a93b","length":0.39725438905486843,"type":"edge","degreeDual":201}}
{"_id":{"$oid":"54b7bef855474a2bb27475fa"},"geometry":{"type":"LineString","coordinates":[[2.3657737,48.9068701],[2.3592969,48.8977084]]},"type":"Feature","properties":{"layer":"metro","database_org_id":"2075538669","mongo_dest_id":"5453b63555474a336231a733","name":"M12","database_dest_id":"264505930","mongo_org_id":"5453b63555474a336231a23f","length":1.1233604327223825,"type":"edge","degreeDual":201}}
{"_id":{"$oid":"54b7bef855474a2bb27475fb"},"geometry":{"type":"LineString","coordinates":[[2.3384377,48.884476],[2.3386296,48.8898183]]},"type":"Feature","properties":{"layer":"metro","database_org_id":"264505115","mongo_dest_id":"5453b63555474a336231a3c5","name":"M12","database_dest_id":"264505153","mongo_org_id":"5453b63555474a336231a800","length":0.5942023350896903,"type":"edge","degreeDual":201}}
{"_id":{"$oid":"54b7bef855474a2bb27475fc"},"geometry":{"type":"LineString","coordinates":[[2.3175634,48.8443954],[2.3243262,48.843971]]},"type":"Feature","properties":{"layer":"metro","database_org_id":"244494496","mongo_dest_id":"5453b63555474a336231acd1","name":"M12","database_dest_id":"324363999","mongo_org_id":"5453b63555474a336231a93b","length":0.4971356977832458,"type":"edge","degreeDual":201}}
{"_id":{"$oid":"54b7bef855474a2bb2747602"},"geometry":{"type":"LineString","coordinates":[[2.322138,48.8664075],[2.3210551,48.860697]]},"type":"Feature","properties":{"layer":"metro","database_org_id":"27362256","mongo_dest_id":"5453b63455474a33623191e8","name":"M12","database_dest_id":"263497271","mongo_org_id":"5453b63455474a33623199d6","length":0.5629463841947264,"type":"edge","degreeDual":201}}
{"_id":{"$oid":"54b7bef855474a2bb2747603"},"geometry":{"type":"LineString","coordinates":[[2.322138,48.8664075],[2.3251637,48.8700644]]},"type":"Feature","properties":{"layer":"metro","database_org_id":"27362256","mongo_dest_id":"5453b63455474a336231742f","name":"M12","database_dest_id":"264117312","mongo_org_id":"5453b63455474a33623199d6","length":0.523216193717796,"type":"edge","degreeDual":201}}
{"_id":{"$oid":"54b7bef855474a2bb2747613"},"geometry":{"type":"LineString","coordinates":[[2.3960523,48.8480576],[2.4010776,48.8450642]]},"type":"Feature","properties":{"layer":"metro","database_org_id":"241928557","mongo_dest_id":"5453b63455474a3362317f59","name":"M6","database_dest_id":"264490283","mongo_org_id":"5453b63555474a3362319bcd","length":0.49599601421051287,"type":"edge","degreeDual":191}}
{"_id":{"$oid":"54b7bef855474a2bb2747614"},"geometry":{"type":"LineString","coordinates":[[2.3029524,48.8475338],[2.2988351,48.8487832]]},"type":"Feature","properties":{"layer":"metro","database_org_id":"34909171","mongo_dest_id":"5453b63455474a33623182b7","name":"M6","database_dest_id":"34909170","mongo_org_id":"5453b63455474a33623182b6","length":0.3317625508741654,"type":"edge","degreeDual":191}}
{"_id":{"$oid":"54b7bef855474a2bb2747615"},"geometry":{"type":"LineString","coordinates":[[2.3029524,48.8475338],[2.3095848,48.8456163]]},"type":"Feature","properties":{"layer":"metro","database_org_id":"34909171","mongo_dest_id":"5453b63555474a336231ac1c","name":"M6","database_dest_id":"1659843199","mongo_org_id":"5453b63455474a33623182b6","length":0.5300959185809097,"type":"edge","degreeDual":191}}
{"_id":{"$oid":"54b7bef855474a2bb2747616"},"geometry":{"type":"LineString","coordinates":[[2.3308032,48.8389018],[2.3249923,48.8410654]]},"type":"Feature","properties":{"layer":"metro","database_org_id":"220289389","mongo_dest_id":"5453b63455474a336231992e","name":"M6","database_dest_id":"260763474","mongo_org_id":"5453b63555474a336231aec1","length":0.48860230140213745,"type":"edge","degreeDual":191}}
{"_id":{"$oid":"54b7bef855474a2bb2747617"},"geometry":{"type":"LineString","coordinates":[[2.2859234,48.8573825],[2.2893959,48.8538982]]},"type":"Feature","properties":{"layer":"metro","database_org_id":"260765390","mongo_dest_id":"5453b63455474a3362318304","name":"M6","database_dest_id":"338930214","mongo_org_id":"5453b63555474a3362319e0a","length":0.46330375175367244,"type":"edge","degreeDual":191}}
{"_id":{"$oid":"54b7bef855474a2bb2747618"},"geometry":{"type":"LineString","coordinates":[[2.3126019,48.8429457],[2.3095848,48.8456163]]},"type":"Feature","properties":{"layer":"metro","database_org_id":"260764273","mongo_dest_id":"5453b63555474a336231ac1c","name":"M6","database_dest_id":"1659843199","mongo_org_id":"5453b63555474a336231aeae","length":0.3700406122035891,"type":"edge","degreeDual":191}}
{"_id":{"$oid":"54b7bef855474a2bb274761a"},"geometry":{"type":"LineString","coordinates":[[2.3424101,48.8585901],[2.3467014,48.8583398]]},"type":"Feature","properties":{"layer":"metro","database_org_id":"264784170","mongo_dest_id":"5453b63455474a3362319751","name":"M7","database_dest_id":"27371862","mongo_org_id":"5453b63555474a336231a00a","length":0.3151721463159808,"type":"edge","degreeDual":330}}
{"_id":{"$oid":"54b7bef855474a2bb274761b"},"geometry":{"type":"LineString","coordinates":[[2.3854377,48.8974296],[2.3821116,48.8945067]]},"type":"Feature","properties":{"layer":"metro","database_org_id":"264778142","mongo_dest_id":"5453b63555474a336231ae7f","name":"M7","database_dest_id":"264776910","mongo_org_id":"5453b63455474a3362317661","length":0.40589772718015843,"type":"edge","degreeDual":330}}
{"_id":{"$oid":"54b7bef855474a2bb2747810"},"geometry":{"type":"LineString","coordinates":[[2.349272,48.8772835],[2.3441565,48.8759682]]},"type":"Feature","properties":{"layer":"metro","database_org_id":"264775805","mongo_dest_id":"5453b63455474a33623187b6","name":"M7","database_dest_id":"264780947","mongo_org_id":"5453b63455474a3362318cf2","length":0.40167442986064633,"type":"edge","degreeDual":330}}
{"_id":{"$oid":"54b7bef855474a2bb2747813"},"geometry":{"type":"LineString","coordinates":[[2.3854377,48.8974296],[2.3921656,48.9036536]]},"type":"Feature","properties":{"layer":"metro","database_org_id":"264778142","mongo_dest_id":"5453b63555474a336231a39c","name":"M7","database_dest_id":"270244436","mongo_org_id":"5453b63455474a3362317661","length":0.8490117710489617,"type":"edge","degreeDual":330}}
{"_id":{"$oid":"54b7bef855474a2bb274797c"},"geometry":{"type":"LineString","coordinates":[[2.2565741,48.8377707],[2.2600472,48.8430044]]},"type":"Feature","properties":{"layer":"metro","database_org_id":"260767430","mongo_dest_id":"5453b63455474a3362317de3","name":"M9","database_dest_id":"260767429","mongo_org_id":"5453b63555474a3362319d3f","length":0.6350460338294341,"type":"edge","degreeDual":298}}
{"_id":{"$oid":"54b7bef855474a2bb274797d"},"geometry":{"type":"LineString","coordinates":[[2.3641177,48.8675846],[2.3544678,48.8694199]]},"type":"Feature","properties":{"layer":"metro","database_org_id":"243507791","mongo_dest_id":"5453b63455474a336231982b","name":"M9","database_dest_id":"256897077","mongo_org_id":"5453b63455474a3362318746","length":0.7347315952295147,"type":"edge","degreeDual":298}}
{"_id":{"$oid":"54b7bef855474a2bb274797e"},"geometry":{"type":"LineString","coordinates":[[2.4105242,48.8534759],[2.4237108,48.8558145]]},"type":"Feature","properties":{"layer":"metro","database_org_id":"256442276","mongo_dest_id":"5453b63555474a3362319f79","name":"M9","database_dest_id":"256442845","mongo_org_id":"5453b63555474a3362319cbd","length":0.999203204397001,"type":"edge","degreeDual":298}}
{"_id":{"$oid":"54b7bef855474a2bb274797f"},"geometry":{"type":"LineString","coordinates":[[2.4105242,48.8534759],[2.4061094,48.8526992]]},"type":"Feature","properties":{"layer":"metro","database_org_id":"256442276","mongo_dest_id":"5453b63555474a336231ab12","name":"M9","database_dest_id":"256441194","mongo_org_id":"5453b63555474a3362319cbd","length":0.33435716223756584,"type":"edge","degreeDual":298}}
{"_id":{"$oid":"54b7bef855474a2bb2747980"},"geometry":{"type":"LineString","coordinates":[[2.3333207,48.8730612],[2.3276269,48.8736019]]},"type":"Feature","properties":{"layer":"metro","database_org_id":"256897458","mongo_dest_id":"5453b63455474a336231911e","name":"M9","database_dest_id":"243510337","mongo_org_id":"5453b63555474a336231a3a0","length":0.420738457892144,"type":"edge","degreeDual":298}}
{"_id":{"$oid":"54b7bef855474a2bb2747981"},"geometry":{"type":"LineString","coordinates":[[2.3333207,48.8730612],[2.3395091,48.8720176]]},"type":"Feature","properties":{"layer":"metro","database_org_id":"256897458","mongo_dest_id":"5453b63455474a336231753e","name":"M9","database_dest_id":"256897080","mongo_org_id":"5453b63555474a336231a3a0","length":0.4672401343824577,"type":"edge","degreeDual":298}}
{"_id":{"$oid":"54b7bef855474a2bb2747982"},"geometry":{"type":"LineString","coordinates":[[2.3100827,48.8723362],[2.3145456,48.8736768]]},"type":"Feature","properties":{"layer":"metro","database_org_id":"260769651","mongo_dest_id":"5453b63455474a33623181a0","name":"M9","database_dest_id":"260769652","mongo_org_id":"5453b63455474a336231819a","length":0.3588287696244857,"type":"edge","degreeDual":298}}
{"_id":{"$oid":"54b7bef855474a2bb2747983"},"geometry":{"type":"LineString","coordinates":[[2.3145456,48.8736768],[2.3197963,48.874703]]},"type":"Feature","properties":{"layer":"metro","database_org_id":"260769652","mongo_dest_id":"5453b63555474a336231a180","name":"M9","database_dest_id":"256897554","mongo_org_id":"5453b63455474a33623181a0","length":0.400602589439734,"type":"edge","degreeDual":298}}
{"_id":{"$oid":"54b7bef855474a2bb2747984"},"geometry":{"type":"LineString","coordinates":[[2.2438908,48.8339081],[2.2565741,48.8377707]]},"type":"Feature","properties":{"layer":"metro","database_org_id":"29588070","mongo_dest_id":"5453b63555474a3362319d3f","name":"M9","database_dest_id":"260767430","mongo_org_id":"5453b63555474a336231a02b","length":1.0228435102603666,"type":"edge","degreeDual":298}}
{"_id":{"$oid":"54b7bef855474a2bb2747985"},"geometry":{"type":"LineString","coordinates":[[2.3100827,48.8723362],[2.3090043,48.8693137]]},"type":"Feature","properties":{"layer":"metro","database_org_id":"260769651","mongo_dest_id":"5453b63455474a33623199d2","name":"M9","database_dest_id":"27362251","mongo_org_id":"5453b63455474a336231819a","length":0.34521774139248257,"type":"edge","degreeDual":298}}
{"_id":{"$oid":"54b7bef855474a2bb2747ad1"},"geometry":{"type":"LineString","coordinates":[[2.322138,48.8664075],[2.3298436,48.8643585]]},"type":"Feature","properties":{"layer":"metro","database_org_id":"27362256","mongo_dest_id":"5453b63555474a3362319f73","name":"M1","database_dest_id":"27362258","mongo_org_id":"5453b63455474a33623199d6","length":0.6079519881121965,"type":"edge","degreeDual":341}}
{"_id":{"$oid":"54b7bef855474a2bb2747ad2"},"geometry":{"type":"LineString","coordinates":[[2.3090043,48.8693137],[2.3137075,48.8678333]]},"type":"Feature","properties":{"layer":"metro","database_org_id":"27362251","mongo_dest_id":"5453b63455474a3362317db7","name":"M1","database_dest_id":"282635141","mongo_org_id":"5453b63455474a33623199d2","length":0.3813618073825745,"type":"edge","degreeDual":341}}
{"_id":{"$oid":"54b7bef855474a2bb2747ad4"},"geometry":{"type":"LineString","coordinates":[[2.3467014,48.8583398],[2.3409358,48.8607697]]},"type":"Feature","properties":{"layer":"metro","database_org_id":"27371862","mongo_dest_id":"5453b63455474a33623178c1","name":"M1","database_dest_id":"27362260","mongo_org_id":"5453b63455474a3362319751","length":0.5009081314443466,"type":"edge","degreeDual":341}}
{"_id":{"$oid":"54b7bef855474a2bb2747ad5"},"geometry":{"type":"LineString","coordinates":[[2.3521708,48.8572265],[2.3467014,48.8583398]]},"type":"Feature","properties":{"layer":"metro","database_org_id":"27371864","mongo_dest_id":"5453b63455474a3362319751","name":"M1","database_dest_id":"27371862","mongo_org_id":"5453b63455474a336231974f","length":0.418845241872494,"type":"edge","degreeDual":341}}
{"_id":{"$oid":"54b7bef855474a2bb2747ad6"},"geometry":{"type":"LineString","coordinates":[[2.3606657,48.855214],[2.3521708,48.8572265]]},"type":"Feature","properties":{"layer":"metro","database_org_id":"27371867","mongo_dest_id":"5453b63455474a336231974f","name":"M1","database_dest_id":"27371864","mongo_org_id":"5453b63455474a336231974e","length":0.6605541261661432,"type":"edge","degreeDual":341}}
{"_id":{"$oid":"54b7bef855474a2bb2747ad8"},"geometry":{"type":"LineString","coordinates":[[2.3686313,48.8531361],[2.3606657,48.855214]]},"type":"Feature","properties":{"layer":"metro","database_org_id":"264480619","mongo_dest_id":"5453b63455474a336231974e","name":"M1","database_dest_id":"27371867","mongo_org_id":"5453b63455474a3362318bd0","length":0.626923603567724,"type":"edge","degreeDual":341}}
{"_id":{"$oid":"54b7bef855474a2bb2747ad9"},"geometry":{"type":"LineString","coordinates":[[2.4072293,48.8474233],[2.4190317,48.8463309]]},"type":"Feature","properties":{"layer":"metro","database_org_id":"27371900","mongo_dest_id":"5453b63455474a3362319287","name":"M1","database_dest_id":"243487863","mongo_org_id":"5453b63455474a3362318553","length":0.872134575984629,"type":"edge","degreeDual":341}}
{"_id":{"$oid":"54b7bef855474a2bb2747e00"},"geometry":{"type":"LineString","coordinates":[[2.3289966,48.8421852],[2.3243262,48.843971]]},"type":"Feature","properties":{"layer":"metro","database_org_id":"264526095","mongo_dest_id":"5453b63555474a336231acd1","name":"M4","database_dest_id":"324363999","mongo_org_id":"5453b63455474a3362318054","length":0.39527747976889094,"type":"edge","degreeDual":294}}
{"_id":{"$oid":"54b7bef855474a2bb2747e01"},"geometry":{"type":"LineString","coordinates":[[2.3467014,48.8583398],[2.3461709,48.8627762]]},"type":"Feature","properties":{"layer":"metro","database_org_id":"27371862","mongo_dest_id":"5453b63455474a3362319995","name":"M4","database_dest_id":"264513655","mongo_org_id":"5453b63455474a3362319751","length":0.49482935265419553,"type":"edge","degreeDual":294}}
{"_id":{"$oid":"54b7bef855474a2bb2747e02"},"geometry":{"type":"LineString","coordinates":[[2.3467014,48.8583398],[2.3471977,48.8551566]]},"type":"Feature","properties":{"layer":"metro","database_org_id":"27371862","mongo_dest_id":"5453b63455474a33623183fa","name":"M4","database_dest_id":"264514896","mongo_org_id":"5453b63455474a3362319751","length":0.35581314982216544,"type":"edge","degreeDual":294}}
{"_id":{"$oid":"54b7bef855474a2bb2747e03"},"geometry":{"type":"LineString","coordinates":[[2.3447674,48.8973767],[2.3477372,48.8937935]]},"type":"Feature","properties":{"layer":"metro","database_org_id":"264506165","mongo_dest_id":"5453b63555474a336231a0c2","name":"M4","database_dest_id":"264505993","mongo_org_id":"5453b63455474a3362317a2f","length":0.4537429588335794,"type":"edge","degreeDual":294}}
{"_id":{"$oid":"54b7bef855474a2bb2747e04"},"geometry":{"type":"LineString","coordinates":[[2.333328,48.8536264],[2.3394266,48.8521785]]},"type":"Feature","properties":{"layer":"metro","database_org_id":"264519782","mongo_dest_id":"5453b63455474a3362318bae","name":"M4","database_dest_id":"260079008","mongo_org_id":"5453b63455474a3362317e02","length":0.47436516048725536,"type":"edge","degreeDual":294}}
{"_id":{"$oid":"54b7bef855474a2bb2747e05"},"geometry":{"type":"LineString","coordinates":[[2.333328,48.8536264],[2.3311829,48.8514725]]},"type":"Feature","properties":{"layer":"metro","database_org_id":"264519782","mongo_dest_id":"5453b63455474a33623178b7","name":"M4","database_dest_id":"324352448","mongo_org_id":"5453b63455474a3362317e02","length":0.2863467708350213,"type":"edge","degreeDual":294}}
{"_id":{"$oid":"54b7bef855474a2bb2747e06"},"geometry":{"type":"LineString","coordinates":[[2.3196172,48.8183903],[2.3256282,48.82288]]},"type":"Feature","properties":{"layer":"metro","database_org_id":"2188235051","mongo_dest_id":"5453b63455474a3362318a64","name":"M4","database_dest_id":"220289379","mongo_org_id":"5453b63455474a3362317e7b","length":0.6655108463855263,"type":"edge","degreeDual":294}}
{"_id":{"$oid":"54b7bef855474a2bb2747e07"},"geometry":{"type":"LineString","coordinates":[[2.3524557,48.866302],[2.3487041,48.8638408]]},"type":"Feature","properties":{"layer":"metro","database_org_id":"243507794","mongo_dest_id":"5453b63455474a3362319527","name":"M4","database_dest_id":"264509793","mongo_org_id":"5453b63455474a3362317a64","length":0.38756167460488783,"type":"edge","degreeDual":294}}
{"_id":{"$oid":"54b7bef855474a2bb2747e09"},"geometry":{"type":"LineString","coordinates":[[2.3558518,48.8723097],[2.3580551,48.876038]]},"type":"Feature","properties":{"layer":"metro","database_org_id":"264512252","mongo_dest_id":"5453b63555474a336231ad55","name":"M4","database_dest_id":"264508548","mongo_org_id":"5453b63455474a336231755d","length":0.4447829963561213,"type":"edge","degreeDual":294}}
{"_id":{"$oid":"54b7bef855474a2bb2747e0a"},"geometry":{"type":"LineString","coordinates":[[2.3558518,48.8723097],[2.3544678,48.8694199]]},"type":"Feature","properties":{"layer":"metro","database_org_id":"264512252","mongo_dest_id":"5453b63455474a336231982b","name":"M4","database_dest_id":"256897077","mongo_org_id":"5453b63455474a336231755d","length":0.3368978468643285,"type":"edge","degreeDual":294}}
{"_id":{"$oid":"54b7bef855474a2bb2747e99"},"geometry":{"type":"LineString","coordinates":[[2.3223081,48.8787548],[2.3254192,48.8754744]]},"type":"Feature","properties":{"layer":"metro","database_org_id":"1981222779","mongo_dest_id":"5453b63455474a3362317a1a","name":"M3","database_dest_id":"243510338","mongo_org_id":"5453b63455474a33623175e5","length":0.42990228725211604,"type":"edge","degreeDual":250}}
{"_id":{"$oid":"54b7bef855474a2bb2747e9a"},"geometry":{"type":"LineString","coordinates":[[2.2926417,48.8856871],[2.2878755,48.8887892]]},"type":"Feature","properties":{"layer":"metro","database_org_id":"243510681","mongo_dest_id":"5453b63455474a3362319645","name":"M3","database_dest_id":"255162203","mongo_org_id":"5453b63455474a3362318aea","length":0.490328857814652,"type":"edge","degreeDual":250}}
{"_id":{"$oid":"54b7bef855474a2bb2747f1b"},"geometry":{"type":"LineString","coordinates":[[2.3590959,48.936826],[2.3641518,48.9459311]]},"type":"Feature","properties":{"layer":"metro","database_org_id":"331524250","mongo_dest_id":"5453b63555474a3362319d37","name":"M13","database_dest_id":"331524254","mongo_org_id":"5453b63455474a336231796a","length":1.0776792408128062,"type":"edge","degreeDual":190}}
{"_id":{"$oid":"54b7bef855474a2bb2747f1c"},"geometry":{"type":"LineString","coordinates":[[2.3254192,48.8754744],[2.3270787,48.8795976]]},"type":"Feature","properties":{"layer":"metro","database_org_id":"243510338","mongo_dest_id":"5453b63455474a336231931f","name":"M13","database_dest_id":"331514770","mongo_org_id":"5453b63455474a3362317a1a","length":0.47426874243191813,"type":"edge","degreeDual":190}}
{"_id":{"$oid":"54b7bef855474a2bb2747f1d"},"geometry":{"type":"LineString","coordinates":[[2.3222085,48.8385876],[2.3180764,48.8339551]]},"type":"Feature","properties":{"layer":"metro","database_org_id":"264704365","mongo_dest_id":"5453b63455474a3362319102","name":"M13","database_dest_id":"264712433","mongo_org_id":"5453b63455474a3362317a25","length":0.5973287445880695,"type":"edge","degreeDual":190}}
{"_id":{"$oid":"54b7bef855474a2bb2747f1e"},"geometry":{"type":"LineString","coordinates":[[2.3256961,48.8874127],[2.3274515,48.8835165]]},"type":"Feature","properties":{"layer":"metro","database_org_id":"261612240","mongo_dest_id":"5453b63555474a3362319d27","name":"M13","database_dest_id":"243496027","mongo_org_id":"5453b63455474a3362317ec2","length":0.4518506041662989,"type":"edge","degreeDual":190}}
{"_id":{"$oid":"54b7bef855474a2bb2747f1f"},"geometry":{"type":"LineString","coordinates":[[2.3274728,48.8927063],[2.3256961,48.8874127]]},"type":"Feature","properties":{"layer":"metro","database_org_id":"265060052","mongo_dest_id":"5453b63455474a3362317ec2","name":"M13","database_dest_id":"261612240","mongo_org_id":"5453b63455474a33623199cc","length":0.6027839011314636,"type":"edge","degreeDual":190}}
{"_id":{"$oid":"54b7bef855474a2bb2747f20"},"geometry":{"type":"LineString","coordinates":[[2.3222085,48.8385876],[2.3211592,48.8419339]]},"type":"Feature","properties":{"layer":"metro","database_org_id":"264704365","mongo_dest_id":"5453b63555474a336231a513","name":"M13","database_dest_id":"1805529567","mongo_org_id":"5453b63455474a3362317a25","length":0.379933115260835,"type":"edge","degreeDual":190}}
{"_id":{"$oid":"54b7bef855474a2bb2747f21"},"geometry":{"type":"LineString","coordinates":[[2.3563841,48.9301278],[2.3429933,48.9196049]]},"type":"Feature","properties":{"layer":"metro","database_org_id":"331523267","mongo_dest_id":"5453b63455474a3362317590","name":"M13","database_dest_id":"313430306","mongo_org_id":"5453b63455474a3362317542","length":1.525208847088155,"type":"edge","degreeDual":190}}
{"_id":{"$oid":"54b7bef855474a2bb2747f22"},"geometry":{"type":"LineString","coordinates":[[2.3563841,48.9301278],[2.3590959,48.936826]]},"type":"Feature","properties":{"layer":"metro","database_org_id":"331523267","mongo_dest_id":"5453b63455474a336231796a","name":"M13","database_dest_id":"331524250","mongo_org_id":"5453b63455474a3362317542","length":0.7706982821445723,"type":"edge","degreeDual":190}}
{"_id":{"$oid":"54b7bef855474a2bb2747f24"},"geometry":{"type":"LineString","coordinates":[[2.3146743,48.8627572],[2.3137075,48.8678333]]},"type":"Feature","properties":{"layer":"metro","database_org_id":"264473695","mongo_dest_id":"5453b63455474a3362317db7","name":"M13","database_dest_id":"282635141","mongo_org_id":"5453b63455474a33623182d0","length":0.5688495584910112,"type":"edge","degreeDual":190}}
{"_id":{"$oid":"54b7bef855474a2bb2748147"},"geometry":{"type":"LineString","coordinates":[[2.4024837,48.8371074],[2.4063451,48.8354584]]},"type":"Feature","properties":{"layer":"metro","database_org_id":"264482226","mongo_dest_id":"5453b63455474a33623182f7","name":"M8","database_dest_id":"264482297","mongo_org_id":"5453b63555474a336231a6b7","length":0.3368866639836731,"type":"edge","degreeDual":291}}
{"_id":{"$oid":"54b7bef855474a2bb274816c"},"geometry":{"type":"LineString","coordinates":[[2.3990216,48.8798987],[2.3935636,48.8767737]]},"type":"Feature","properties":{"layer":"metro","database_org_id":"264794353","mongo_dest_id":"5453b63455474a336231968e","name":"M7bis","database_dest_id":"2066461402","mongo_org_id":"5453b63455474a33623191b3","length":0.5292014055226996,"type":"edge","degreeDual":43}}
{"_id":{"$oid":"54b7bef855474a2bb2748178"},"geometry":{"type":"LineString","coordinates":[[2.3958919,48.8395253],[2.4024837,48.8371074]]},"type":"Feature","properties":{"layer":"metro","database_org_id":"260762379","mongo_dest_id":"5453b63555474a336231a6b7","name":"M8","database_dest_id":"264482226","mongo_org_id":"5453b63455474a3362319104","length":0.5522925931612627,"type":"edge","degreeDual":291}}
{"_id":{"$oid":"54b7bef855474a2bb274837a"},"geometry":{"type":"LineString","coordinates":[[2.3899525,48.8444003],[2.3866995,48.8472696]]},"type":"Feature","properties":{"layer":"metro","database_org_id":"264481854","mongo_dest_id":"5453b63455474a336231747e","name":"M8","database_dest_id":"27371892","mongo_org_id":"5453b63455474a3362318dab","length":0.39806739786047446,"type":"edge","degreeDual":291}}
{"_id":{"$oid":"54b7bef855474a2bb274837b"},"geometry":{"type":"LineString","coordinates":[[2.3899525,48.8444003],[2.3958919,48.8395253]]},"type":"Feature","properties":{"layer":"metro","database_org_id":"264481854","mongo_dest_id":"5453b63455474a3362319104","name":"M8","database_dest_id":"260762379","mongo_org_id":"5453b63455474a3362318dab","length":0.6948169169170207,"type":"edge","degreeDual":291}}
{"_id":{"$oid":"54b7bef855474a2bb274837d"},"geometry":{"type":"LineString","coordinates":[[2.3990216,48.8798987],[2.3933641,48.8819551]]},"type":"Feature","properties":{"layer":"metro","database_org_id":"264794353","mongo_dest_id":"5453b63555474a336231a41b","name":"M7bis","database_dest_id":"264794354","mongo_org_id":"5453b63455474a33623191b3","length":0.47269022023172963,"type":"edge","degreeDual":43}}
{"_id":{"$oid":"54b7bef855474a2bb274837e"},"geometry":{"type":"LineString","coordinates":[[2.3322642999999954,48.87076929999996],[2.3395091,48.8720176]]},"type":"Feature","properties":{"layer":"metro","database_org_id":"312","mongo_dest_id":"5453b63455474a336231753e","name":"M8","database_dest_id":"256897080","mongo_org_id":"5453b63455474a3362317bcc","length":0.5477534900883295,"type":"edge","degreeDual":291}}
{"_id":{"$oid":"54b7bef855474a2bb274837f"},"geometry":{"type":"LineString","coordinates":[[2.3322642999999954,48.87076929999996],[2.3251637,48.8700644]]},"type":"Feature","properties":{"layer":"metro","database_org_id":"312","mongo_dest_id":"5453b63455474a336231742f","name":"M8","database_dest_id":"264117312","mongo_org_id":"5453b63455474a3362317bcc","length":0.52521977219354,"type":"edge","degreeDual":291}}
{"_id":{"$oid":"54b7bef855474a2bb2748384"},"geometry":{"type":"LineString","coordinates":[[2.4504803,48.7899066],[2.4492526,48.7963595]]},"type":"Feature","properties":{"layer":"metro","database_org_id":"300869611","mongo_dest_id":"5453b63455474a3362319112","name":"M8","database_dest_id":"300867961","mongo_org_id":"5453b63455474a3362319558","length":0.7231437010855304,"type":"edge","degreeDual":291}}
{"_id":{"$oid":"54b7bef855474a2bb2748385"},"geometry":{"type":"LineString","coordinates":[[2.4504803,48.7899066],[2.4594504,48.7797556]]},"type":"Feature","properties":{"layer":"metro","database_org_id":"300869611","mongo_dest_id":"5453b63355474a3362317295","name":"M8","database_dest_id":"300869641","mongo_org_id":"5453b63455474a3362319558","length":1.3061235094126433,"type":"edge","degreeDual":291}}
{"_id":{"$oid":"54b7bef855474a2bb274846a"},"geometry":{"type":"LineString","coordinates":[[2.3705298,48.8566177],[2.3721323,48.8602039]]},"type":"Feature","properties":{"layer":"metro","database_org_id":"264769296","mongo_dest_id":"5453b63555474a3362319b1d","name":"M5","database_dest_id":"264769297","mongo_org_id":"5453b63455474a3362317df4","length":0.41564332366670376,"type":"edge","degreeDual":226}}
{"_id":{"$oid":"54b7bef855474a2bb274846b"},"geometry":{"type":"LineString","coordinates":[[2.4491919,48.9064052],[2.4252683,48.8956372]]},"type":"Feature","properties":{"layer":"metro","database_org_id":"1771632724","mongo_dest_id":"5453b63455474a3362319267","name":"M5","database_dest_id":"330026206","mongo_org_id":"5453b63455474a3362318dd5","length":2.119339706953566,"type":"edge","degreeDual":226}}
{"_id":{"$oid":"54b7bef855474a2bb274846c"},"geometry":{"type":"LineString","coordinates":[[2.4133209,48.8932382],[2.4252683,48.8956372]]},"type":"Feature","properties":{"layer":"metro","database_org_id":"330026020","mongo_dest_id":"5453b63455474a3362319267","name":"M5","database_dest_id":"330026206","mongo_org_id":"5453b63455474a3362318a14","length":0.9132418961977032,"type":"edge","degreeDual":226}}
{"_id":{"$oid":"54b7bef855474a2bb27484b6"},"geometry":{"type":"LineString","coordinates":[[2.3960523,48.8480576],[2.3982271,48.8514805]]},"type":"Feature","properties":{"layer":"metro","database_org_id":"241928557","mongo_dest_id":"5453b63555474a336231a40e","name":"M2","database_dest_id":"243489718","mongo_org_id":"5453b63555474a3362319bcd","length":0.41253587382466317,"type":"edge","degreeDual":178}}
{"_id":{"$oid":"54b7bef855474a2bb27484b7"},"geometry":{"type":"LineString","coordinates":[[2.3708174,48.8774398],[2.3769849,48.8720463]]},"type":"Feature","properties":{"layer":"metro","database_org_id":"243493916","mongo_dest_id":"5453b63555474a336231a067","name":"M2","database_dest_id":"243493845","mongo_org_id":"5453b63555474a336231adcd","length":0.7504158795911291,"type":"edge","degreeDual":178}}
{"_id":{"$oid":"54b7bef855474a2bb27484b8"},"geometry":{"type":"LineString","coordinates":[[2.3373703,48.8823612],[2.3330841,48.8836162]]},"type":"Feature","properties":{"layer":"metro","database_org_id":"243496024","mongo_dest_id":"5453b63555474a336231ab58","name":"M2","database_dest_id":"243496025","mongo_org_id":"5453b63455474a3362317969","length":0.3430779677064544,"type":"edge","degreeDual":178}}
{"_id":{"$oid":"54b7bef855474a2bb27484b9"},"geometry":{"type":"LineString","coordinates":[[2.3274515,48.8835165],[2.3330841,48.8836162]]},"type":"Feature","properties":{"layer":"metro","database_org_id":"243496027","mongo_dest_id":"5453b63555474a336231ab58","name":"M2","database_dest_id":"243496025","mongo_org_id":"5453b63555474a3362319d27","length":0.4120095226530461,"type":"edge","degreeDual":178}}
{"_id":{"$oid":"54b7bef855474a2bb27484ba"},"geometry":{"type":"LineString","coordinates":[[2.3155318,48.8812626],[2.3094235,48.8805424]]},"type":"Feature","properties":{"layer":"metro","database_org_id":"243496029","mongo_dest_id":"5453b63455474a3362319848","name":"M2","database_dest_id":"243496030","mongo_org_id":"5453b63455474a3362317964","length":0.45378989048649143,"type":"edge","degreeDual":178}}
{"_id":{"$oid":"54b7bef855474a2bb27484bb"},"geometry":{"type":"LineString","coordinates":[[2.322122,48.8824462],[2.3274515,48.8835165]]},"type":"Feature","properties":{"layer":"metro","database_org_id":"243496028","mongo_dest_id":"5453b63555474a3362319d27","name":"M2","database_dest_id":"243496027","mongo_org_id":"5453b63455474a3362317965","length":0.40746959992205006,"type":"edge","degreeDual":178}}
{"_id":{"$oid":"54b7bef855474a2bb27484bc"},"geometry":{"type":"LineString","coordinates":[[2.3443344,48.8829026],[2.3373703,48.8823612]]},"type":"Feature","properties":{"layer":"metro","database_org_id":"243494998","mongo_dest_id":"5453b63455474a3362317969","name":"M2","database_dest_id":"243496024","mongo_org_id":"5453b63455474a3362317788","length":0.512776350150738,"type":"edge","degreeDual":178}}
{"_id":{"$oid":"54b7bef855474a2bb27484bd"},"geometry":{"type":"LineString","coordinates":[[2.3155318,48.8812626],[2.322122,48.8824462]]},"type":"Feature","properties":{"layer":"metro","database_org_id":"243496029","mongo_dest_id":"5453b63455474a3362317965","name":"M2","database_dest_id":"243496028","mongo_org_id":"5453b63455474a3362317964","length":0.49954611595135257,"type":"edge","degreeDual":178}}
{"_id":{"$oid":"54b7bef855474a2bb27484be"},"geometry":{"type":"LineString","coordinates":[[2.3708174,48.8774398],[2.3703263,48.8825949]]},"type":"Feature","properties":{"layer":"metro","database_org_id":"243493916","mongo_dest_id":"5453b63455474a336231907e","name":"M2","database_dest_id":"1997722992","mongo_org_id":"5453b63555474a336231adcd","length":0.5743448103979539,"type":"edge","degreeDual":178}}
{"_id":{"$oid":"54b7bef855474a2bb27484bf"},"geometry":{"type":"LineString","coordinates":[[2.3982271,48.8514805],[2.3945621,48.856264]]},"type":"Feature","properties":{"layer":"metro","database_org_id":"243489718","mongo_dest_id":"5453b63455474a33623190c5","name":"M2","database_dest_id":"243490764","mongo_org_id":"5453b63555474a336231a40e","length":0.5956688332616759,"type":"edge","degreeDual":178}}
{"_id":{"$oid":"54b7bef855474a2bb2748695"},"geometry":{"type":"LineString","coordinates":[[2.2600472,48.8430044],[2.2618802,48.8452505]]},"type":"Feature","properties":{"layer":"metro","database_org_id":"260767429","mongo_dest_id":"5453b63455474a3362317de4","name":"M9","database_dest_id":"260767428","mongo_org_id":"5453b63455474a3362317de3","length":0.28349607496803697,"type":"edge","degreeDual":298}}
{"_id":{"$oid":"54b7bef855474a2bb2748696"},"geometry":{"type":"LineString","coordinates":[[2.2641872,48.8480038],[2.2681802,48.8525598]]},"type":"Feature","properties":{"layer":"metro","database_org_id":"260767427","mongo_dest_id":"5453b63455474a3362317de2","name":"M9","database_dest_id":"260767426","mongo_org_id":"5453b63455474a3362317de1","length":0.5848149317355601,"type":"edge","degreeDual":298}}
{"_id":{"$oid":"54b7bef855474a2bb2748697"},"geometry":{"type":"LineString","coordinates":[[2.3853565,48.8547441],[2.3887914,48.8525808]]},"type":"Feature","properties":{"layer":"metro","database_org_id":"256443438","mongo_dest_id":"5453b63455474a336231925c","name":"M9","database_dest_id":"256443205","mongo_org_id":"5453b63455474a3362317873","length":0.3478814265233946,"type":"edge","degreeDual":298}}
{"_id":{"$oid":"54b7bef855474a2bb2748698"},"geometry":{"type":"LineString","coordinates":[[2.3853565,48.8547441],[2.3798044,48.858158]]},"type":"Feature","properties":{"layer":"metro","database_org_id":"256443438","mongo_dest_id":"5453b63455474a3362317e1e","name":"M9","database_dest_id":"256895321","mongo_org_id":"5453b63455474a3362317873","length":0.5559642291987497,"type":"edge","degreeDual":298}}
{"_id":{"$oid":"54b7bef855474a2bb2748699"},"geometry":{"type":"LineString","coordinates":[[2.3076354,48.8470802],[2.3166512,48.8468543]]},"type":"Feature","properties":{"layer":"metro","database_org_id":"261665825","mongo_dest_id":"5453b63455474a3362317782","name":"M10","database_dest_id":"245250755","mongo_org_id":"5453b63555474a336231ac99","length":0.6602030502179292,"type":"edge","degreeDual":224}}
{"_id":{"$oid":"54b7bef855474a2bb274869a"},"geometry":{"type":"LineString","coordinates":[[2.3432861,48.8715206],[2.3487793,48.8706004]]},"type":"Feature","properties":{"layer":"metro","database_org_id":"256897079","mongo_dest_id":"5453b63455474a3362319831","name":"M9","database_dest_id":"256897078","mongo_org_id":"5453b63455474a3362319830","length":0.4145925911596192,"type":"edge","degreeDual":298}}
{"_id":{"$oid":"54b7bef855474a2bb274869b"},"geometry":{"type":"LineString","coordinates":[[2.3267159,48.8514587],[2.3218984,48.8491398]]},"type":"Feature","properties":{"layer":"metro","database_org_id":"261162833","mongo_dest_id":"5453b63555474a336231a0f6","name":"M10","database_dest_id":"473070143","mongo_org_id":"5453b63455474a3362318658","length":0.43673616165108403,"type":"edge","degreeDual":224}}
{"_id":{"$oid":"54b7bef855474a2bb274869c"},"geometry":{"type":"LineString","coordinates":[[2.3076354,48.8470802],[2.2988351,48.8487832]]},"type":"Feature","properties":{"layer":"metro","database_org_id":"261665825","mongo_dest_id":"5453b63455474a33623182b7","name":"M10","database_dest_id":"34909170","mongo_org_id":"5453b63555474a336231ac99","length":0.6712096470889679,"type":"edge","degreeDual":224}}
{"_id":{"$oid":"54b7bef855474a2bb274869d"},"geometry":{"type":"LineString","coordinates":[[2.348746,48.8499051],[2.3454617,48.8508926]]},"type":"Feature","properties":{"layer":"metro","database_org_id":"260078619","mongo_dest_id":"5453b63455474a33623178ec","name":"M10","database_dest_id":"260078622","mongo_org_id":"5453b63555474a336231a0ba","length":0.2642082623644598,"type":"edge","degreeDual":224}}
{"_id":{"$oid":"54b7bef855474a2bb274869e"},"geometry":{"type":"LineString","coordinates":[[2.3267159,48.8514587],[2.3357457,48.8529427]]},"type":"Feature","properties":{"layer":"metro","database_org_id":"261162833","mongo_dest_id":"5453b63455474a33623195a2","name":"M10","database_dest_id":"260079322","mongo_org_id":"5453b63455474a3362318658","length":0.6809757545295682,"type":"edge","degreeDual":224}}
{"_id":{"$oid":"54b7bef855474a2bb2748c03"},"geometry":{"type":"LineString","coordinates":[[2.3628662,48.8331919],[2.3680926,48.8349482]]},"type":"Feature","properties":{"layer":"metro","database_org_id":"235371394","mongo_dest_id":"5453b63455474a3362318eb9","name":"M6","database_dest_id":"235371395","mongo_org_id":"5453b63455474a3362318eb8","length":0.42950342545661946,"type":"edge","degreeDual":191}}
{"_id":{"$oid":"54b7bef855474a2bb2748c04"},"geometry":{"type":"LineString","coordinates":[[2.3424101,48.8585901],[2.3361468,48.8623829]]},"type":"Feature","properties":{"layer":"metro","database_org_id":"264784170","mongo_dest_id":"5453b63555474a336231a57a","name":"M7","database_dest_id":"27362259","mongo_org_id":"5453b63555474a336231a00a","length":0.6227373878312472,"type":"edge","degreeDual":330}}
{"_id":{"$oid":"54b7bef855474a2bb2748d9c"},"geometry":{"type":"LineString","coordinates":[[2.3623079,48.8789208],[2.3654808,48.8814188]]},"type":"Feature","properties":{"layer":"metro","database_org_id":"326309672","mongo_dest_id":"5453b63555474a336231a948","name":"M7","database_dest_id":"264775552","mongo_org_id":"5453b63355474a33623173a1","length":0.36192128001111606,"type":"edge","degreeDual":330}}
{"_id":{"$oid":"54b7bef855474a2bb2748d9d"},"geometry":{"type":"LineString","coordinates":[[2.3585049,48.8225268],[2.3595477,48.8191302]]},"type":"Feature","properties":{"layer":"metro","database_org_id":"268467526","mongo_dest_id":"5453b63555474a336231a7dd","name":"M7","database_dest_id":"268467559","mongo_org_id":"5453b63455474a3362318206","length":0.38532380603725297,"type":"edge","degreeDual":330}}
{"_id":{"$oid":"54b7bef855474a2bb2748da0"},"geometry":{"type":"LineString","coordinates":[[2.3344599,48.8656737],[2.3361468,48.8623829]]},"type":"Feature","properties":{"layer":"metro","database_org_id":"264494507","mongo_dest_id":"5453b63555474a336231a57a","name":"M7","database_dest_id":"27362259","mongo_org_id":"5453b63455474a33623194f2","length":0.3861659463305986,"type":"edge","degreeDual":330}}
{"_id":{"$oid":"54b7bef855474a2bb2748da1"},"geometry":{"type":"LineString","coordinates":[[2.3344599,48.8656737],[2.3322643,48.8707693]]},"type":"Feature","properties":{"layer":"metro","database_org_id":"264494507","mongo_dest_id":"5453b63455474a336231911d","name":"M7","database_dest_id":"243510336","mongo_org_id":"5453b63455474a33623194f2","length":0.5889238447001405,"type":"edge","degreeDual":330}}
{"_id":{"$oid":"54b7bef855474a2bb2748da2"},"geometry":{"type":"LineString","coordinates":[[2.352598,48.8356703],[2.3555589,48.8314217]]},"type":"Feature","properties":{"layer":"metro","database_org_id":"264790337","mongo_dest_id":"5453b63455474a3362318eb4","name":"M7","database_dest_id":"235371392","mongo_org_id":"5453b63455474a33623196fd","length":0.5197603159002127,"type":"edge","degreeDual":330}}
{"_id":{"$oid":"54b7bef855474a2bb2748da3"},"geometry":{"type":"LineString","coordinates":[[2.352598,48.8356703],[2.3517801,48.8406731]]},"type":"Feature","properties":{"layer":"metro","database_org_id":"264790337","mongo_dest_id":"5453b63455474a3362318870","name":"M7","database_dest_id":"264789025","mongo_org_id":"5453b63455474a33623196fd","length":0.5594973498848042,"type":"edge","degreeDual":330}}
{"_id":{"$oid":"54b7bef855474a2bb2748da6"},"geometry":{"type":"LineString","coordinates":[[2.3573719,48.8261434],[2.3555589,48.8314217]]},"type":"Feature","properties":{"layer":"metro","database_org_id":"268467197","mongo_dest_id":"5453b63455474a3362318eb4","name":"M7","database_dest_id":"235371392","mongo_org_id":"5453b63455474a3362319630","length":0.6017375634288729,"type":"edge","degreeDual":330}}
{"_id":{"$oid":"54b7bef855474a2bb2748da7"},"geometry":{"type":"LineString","coordinates":[[2.3573719,48.8261434],[2.3585049,48.8225268]]},"type":"Feature","properties":{"layer":"metro","database_org_id":"268467197","mongo_dest_id":"5453b63455474a3362318206","name":"M7","database_dest_id":"268467526","mongo_org_id":"5453b63455474a3362319630","length":0.41061219062226895,"type":"edge","degreeDual":330}}
{"_id":{"$oid":"54b7bef855474a2bb2748ffe"},"geometry":{"type":"LineString","coordinates":[[2.2493898,48.8882286],[2.2577697,48.8856101]]},"type":"Feature","properties":{"layer":"metro","database_org_id":"27332092","mongo_dest_id":"5453b63455474a33623178b3","name":"M1","database_dest_id":"27333361","mongo_org_id":"5453b63455474a336231783d","length":0.6783677015042129,"type":"edge","degreeDual":341}}
{"_id":{"$oid":"54b7bef855474a2bb2749018"},"geometry":{"type":"LineString","coordinates":[[2.3958919,48.8395253],[2.4008998,48.8413343]]},"type":"Feature","properties":{"layer":"metro","database_org_id":"260762379","mongo_dest_id":"5453b63555474a336231acda","name":"M6","database_dest_id":"245455187","mongo_org_id":"5453b63455474a3362319104","length":0.4180698499979889,"type":"edge","degreeDual":191}}
{"_id":{"$oid":"54b7bef855474a2bb2749039"},"geometry":{"type":"LineString","coordinates":[[2.3896778,48.8389924],[2.3958919,48.8395253]]},"type":"Feature","properties":{"layer":"metro","database_org_id":"260762378","mongo_dest_id":"5453b63455474a3362319104","name":"M6","database_dest_id":"260762379","mongo_org_id":"5453b63455474a3362319103","length":0.4586266384982559,"type":"edge","degreeDual":191}}
{"_id":{"$oid":"54b7bef855474a2bb2749124"},"geometry":{"type":"LineString","coordinates":[[2.2702166,48.8555764],[2.2681802,48.8525598]]},"type":"Feature","properties":{"layer":"metro","database_org_id":"260767425","mongo_dest_id":"5453b63455474a3362317de2","name":"M9","database_dest_id":"260767426","mongo_org_id":"5453b63455474a3362317ddf","length":0.3670313765422752,"type":"edge","degreeDual":298}}
{"_id":{"$oid":"54b7bef855474a2bb2749125"},"geometry":{"type":"LineString","coordinates":[[2.2641872,48.8480038],[2.2618802,48.8452505]]},"type":"Feature","properties":{"layer":"metro","database_org_id":"260767427","mongo_dest_id":"5453b63455474a3362317de4","name":"M9","database_dest_id":"260767428","mongo_org_id":"5453b63455474a3362317de1","length":0.3496111012535841,"type":"edge","degreeDual":298}}
{"_id":{"$oid":"54b7bef855474a2bb2749127"},"geometry":{"type":"LineString","coordinates":[[2.4357587,48.857946],[2.441569,48.8625988]]},"type":"Feature","properties":{"layer":"metro","database_org_id":"255160720","mongo_dest_id":"5453b63455474a3362318bea","name":"M9","database_dest_id":"255160722","mongo_org_id":"5453b63455474a3362318be9","length":0.6695807625560928,"type":"edge","degreeDual":298}}
{"_id":{"$oid":"54b7bef855474a2bb2749128"},"geometry":{"type":"LineString","coordinates":[[2.4357587,48.857946],[2.4237108,48.8558145]]},"type":"Feature","properties":{"layer":"metro","database_org_id":"255160720","mongo_dest_id":"5453b63555474a3362319f79","name":"M9","database_dest_id":"256442845","mongo_org_id":"5453b63455474a3362318be9","length":0.9127321756246568,"type":"edge","degreeDual":298}}
{"_id":{"$oid":"54b7bef855474a2bb2749129"},"geometry":{"type":"LineString","coordinates":[[2.3960523,48.8480576],[2.3887914,48.8525808]]},"type":"Feature","properties":{"layer":"metro","database_org_id":"241928557","mongo_dest_id":"5453b63455474a336231925c","name":"M9","database_dest_id":"256443205","mongo_org_id":"5453b63555474a3362319bcd","length":0.7315870824338684,"type":"edge","degreeDual":298}}
{"_id":{"$oid":"54b7bef855474a2bb274912a"},"geometry":{"type":"LineString","coordinates":[[2.2308732,48.8296613],[2.23811,48.8319438]]},"type":"Feature","properties":{"layer":"metro","database_org_id":"370455978","mongo_dest_id":"5453b63555474a336231a827","name":"M9","database_dest_id":"355153536","mongo_org_id":"5453b63555474a3362319c17","length":0.5873820793683192,"type":"edge","degreeDual":298}}
{"_id":{"$oid":"54b7bef855474a2bb274912b"},"geometry":{"type":"LineString","coordinates":[[2.3544678,48.8694199],[2.3487793,48.8706004]]},"type":"Feature","properties":{"layer":"metro","database_org_id":"256897077","mongo_dest_id":"5453b63455474a3362319831","name":"M9","database_dest_id":"256897078","mongo_org_id":"5453b63455474a336231982b","length":0.4362763233571956,"type":"edge","degreeDual":298}}
{"_id":{"$oid":"54b7bef855474a2bb274912c"},"geometry":{"type":"LineString","coordinates":[[2.2780859,48.8640063],[2.2741958,48.8580816]]},"type":"Feature","properties":{"layer":"metro","database_org_id":"260767423","mongo_dest_id":"5453b63455474a3362317de0","name":"M9","database_dest_id":"260767424","mongo_org_id":"5453b63455474a3362317ddd","length":0.7176322795650077,"type":"edge","degreeDual":298}}
{"_id":{"$oid":"54b7bef855474a2bb274912d"},"geometry":{"type":"LineString","coordinates":[[2.2937783,48.8646725],[2.3006256,48.8649686]]},"type":"Feature","properties":{"layer":"metro","database_org_id":"260767422","mongo_dest_id":"5453b63555474a336231a366","name":"M9","database_dest_id":"260769132","mongo_org_id":"5453b63455474a3362317dde","length":0.5019488517617169,"type":"edge","degreeDual":298}}
{"_id":{"$oid":"54b7bef855474a2bb274912e"},"geometry":{"type":"LineString","coordinates":[[2.2702166,48.8555764],[2.2741958,48.8580816]]},"type":"Feature","properties":{"layer":"metro","database_org_id":"260767425","mongo_dest_id":"5453b63455474a3362317de0","name":"M9","database_dest_id":"260767424","mongo_org_id":"5453b63455474a3362317ddf","length":0.4029247914083161,"type":"edge","degreeDual":298}}
{"_id":{"$oid":"54b7bef855474a2bb2749193"},"geometry":{"type":"LineString","coordinates":[[2.3637903,48.8051317],[2.3622359,48.810328]]},"type":"Feature","properties":{"layer":"metro","database_org_id":"318536832","mongo_dest_id":"5453b63455474a3362318475","name":"M7","database_dest_id":"318537042","mongo_org_id":"5453b63555474a336231ac8a","length":0.5889082565098493,"type":"edge","degreeDual":330}}
{"_id":{"$oid":"54b7bef855474a2bb2749248"},"geometry":{"type":"LineString","coordinates":[[2.3794597,48.864302],[2.3873271,48.8629761]]},"type":"Feature","properties":{"layer":"metro","database_org_id":"243507789","mongo_dest_id":"5453b63455474a33623190c3","name":"M3","database_dest_id":"243490762","mongo_org_id":"5453b63555474a336231a4c9","length":0.594084826422304,"type":"edge","degreeDual":250}}
{"_id":{"$oid":"54b7bef855474a2bb2749249"},"geometry":{"type":"LineString","coordinates":[[2.2852229,48.8921077],[2.2878755,48.8887892]]},"type":"Feature","properties":{"layer":"metro","database_org_id":"255000799","mongo_dest_id":"5453b63455474a3362319645","name":"M3","database_dest_id":"255162203","mongo_org_id":"5453b63455474a3362318cd4","length":0.4168591015188172,"type":"edge","degreeDual":250}}
{"_id":{"$oid":"54b7bef855474a2bb274924e"},"geometry":{"type":"LineString","coordinates":[[2.3155318,48.8812626],[2.3110507,48.8825292]]},"type":"Feature","properties":{"layer":"metro","database_org_id":"243496029","mongo_dest_id":"5453b63555474a336231a21e","name":"M3","database_dest_id":"243510678","mongo_org_id":"5453b63455474a3362317964","length":0.3566582915939775,"type":"edge","degreeDual":250}}
{"_id":{"$oid":"54b7bef855474a2bb274924f"},"geometry":{"type":"LineString","coordinates":[[2.3155318,48.8812626],[2.3223081,48.8787548]]},"type":"Feature","properties":{"layer":"metro","database_org_id":"243496029","mongo_dest_id":"5453b63455474a33623175e5","name":"M3","database_dest_id":"1981222779","mongo_org_id":"5453b63455474a3362317964","length":0.5685981192925132,"type":"edge","degreeDual":250}}
{"_id":{"$oid":"54b7bef855474a2bb2749252"},"geometry":{"type":"LineString","coordinates":[[2.3367072,48.8695654],[2.3322643,48.8707693]]},"type":"Feature","properties":{"layer":"metro","database_org_id":"243510335","mongo_dest_id":"5453b63455474a336231911d","name":"M3","database_dest_id":"243510336","mongo_org_id":"5453b63455474a336231911c","length":0.351449320943355,"type":"edge","degreeDual":250}}
{"_id":{"$oid":"54b7bef855474a2bb2749253"},"geometry":{"type":"LineString","coordinates":[[2.3412605,48.8686692],[2.3367072,48.8695654]]},"type":"Feature","properties":{"layer":"metro","database_org_id":"243510334","mongo_dest_id":"5453b63455474a336231911c","name":"M3","database_dest_id":"243510335","mongo_org_id":"5453b63455474a336231911b","length":0.3476269425875963,"type":"edge","degreeDual":250}}
{"_id":{"$oid":"54b7bef855474a2bb2749254"},"geometry":{"type":"LineString","coordinates":[[2.3276269,48.8736019],[2.3254192,48.8754744]]},"type":"Feature","properties":{"layer":"metro","database_org_id":"243510337","mongo_dest_id":"5453b63455474a3362317a1a","name":"M3","database_dest_id":"243510338","mongo_org_id":"5453b63455474a336231911e","length":0.2634788881091735,"type":"edge","degreeDual":250}}
{"_id":{"$oid":"54b7bef855474a2bb2749255"},"geometry":{"type":"LineString","coordinates":[[2.3322643,48.8707693],[2.3276269,48.8736019]]},"type":"Feature","properties":{"layer":"metro","database_org_id":"243510336","mongo_dest_id":"5453b63455474a336231911e","name":"M3","database_dest_id":"243510337","mongo_org_id":"5453b63455474a336231911d","length":0.4628620475612775,"type":"edge","degreeDual":250}}
{"_id":{"$oid":"54b7bef855474a2bb27492df"},"geometry":{"type":"LineString","coordinates":[[2.3308032,48.8389018],[2.3289966,48.8421852]]},"type":"Feature","properties":{"layer":"metro","database_org_id":"220289389","mongo_dest_id":"5453b63455474a3362318054","name":"M4","database_dest_id":"264526095","mongo_org_id":"5453b63555474a336231aec1","length":0.3882996076627528,"type":"edge","degreeDual":294}}
{"_id":{"$oid":"54b7bef855474a2bb27492f8"},"geometry":{"type":"LineString","coordinates":[[2.3325902,48.8340204],[2.3301258,48.8313954]]},"type":"Feature","properties":{"layer":"metro","database_org_id":"220289387","mongo_dest_id":"5453b63555474a336231aeba","name":"M4","database_dest_id":"220289385","mongo_org_id":"5453b63555474a336231aeb9","length":0.34312614348096737,"type":"edge","degreeDual":294}}
{"_id":{"$oid":"54b7bef855474a2bb27495e1"},"geometry":{"type":"LineString","coordinates":[[2.3521239,48.8429311],[2.3517801,48.8406731]]},"type":"Feature","properties":{"layer":"metro","database_org_id":"264786014","mongo_dest_id":"5453b63455474a3362318870","name":"M7","database_dest_id":"264789025","mongo_org_id":"5453b63555474a336231a135","length":0.25233560278687994,"type":"edge","degreeDual":330}}
{"_id":{"$oid":"54b7bef855474a2bb274968a"},"geometry":{"type":"LineString","coordinates":[[2.3231168,48.8586775],[2.3256659,48.8557241]]},"type":"Feature","properties":{"layer":"metro","database_org_id":"263497272","mongo_dest_id":"5453b63455474a3362319828","name":"M12","database_dest_id":"264495553","mongo_org_id":"5453b63455474a33623191e9","length":0.377660314186344,"type":"edge","degreeDual":201}}
{"_id":{"$oid":"54b7bef855474a2bb274968b"},"geometry":{"type":"LineString","coordinates":[[2.3254192,48.8754744],[2.3251637,48.8700644]]},"type":"Feature","properties":{"layer":"metro","database_org_id":"243510338","mongo_dest_id":"5453b63455474a336231742f","name":"M12","database_dest_id":"264117312","mongo_org_id":"5453b63455474a3362317a1a","length":0.6018547110950081,"type":"edge","degreeDual":201}}
{"_id":{"$oid":"54b7bef855474a2bb274968c"},"geometry":{"type":"LineString","coordinates":[[2.3012923,48.8395785],[2.308012,48.8415118]]},"type":"Feature","properties":{"layer":"metro","database_org_id":"244494486","mongo_dest_id":"5453b63355474a336231729f","name":"M12","database_dest_id":"244494489","mongo_org_id":"5453b63355474a336231729a","length":0.5367063208873649,"type":"edge","degreeDual":201}}
{"_id":{"$oid":"54b7bef855474a2bb274968d"},"geometry":{"type":"LineString","coordinates":[[2.308012,48.8415118],[2.3126019,48.8429457]]},"type":"Feature","properties":{"layer":"metro","database_org_id":"244494489","mongo_dest_id":"5453b63555474a336231aeae","name":"M12","database_dest_id":"260764273","mongo_org_id":"5453b63355474a336231729f","length":0.3718158869698988,"type":"edge","degreeDual":201}}
{"_id":{"$oid":"54b7bef855474a2bb274968e"},"geometry":{"type":"LineString","coordinates":[[2.3496679,48.8915769],[2.3598783,48.8905035]]},"type":"Feature","properties":{"layer":"metro","database_org_id":"1481147746","mongo_dest_id":"5453b63555474a336231ab5f","name":"M12","database_dest_id":"249335596","mongo_org_id":"5453b63455474a3362317868","length":0.7559631531632048,"type":"edge","degreeDual":201}}
{"_id":{"$oid":"54b7bef855474a2bb274968f"},"geometry":{"type":"LineString","coordinates":[[2.3496679,48.8915769],[2.3443983,48.8924166]]},"type":"Feature","properties":{"layer":"metro","database_org_id":"1481147746","mongo_dest_id":"5453b63455474a3362317afb","name":"M12","database_dest_id":"264505450","mongo_org_id":"5453b63455474a3362317868","length":0.3964057765129965,"type":"edge","degreeDual":201}}
{"_id":{"$oid":"54b7bef855474a2bb2749690"},"geometry":{"type":"LineString","coordinates":[[2.3210551,48.860697],[2.3231168,48.8586775]]},"type":"Feature","properties":{"layer":"metro","database_org_id":"263497271","mongo_dest_id":"5453b63455474a33623191e9","name":"M12","database_dest_id":"263497272","mongo_org_id":"5453b63455474a33623191e8","length":0.2705080330320078,"type":"edge","degreeDual":201}}
{"_id":{"$oid":"54b7bef855474a2bb2749691"},"geometry":{"type":"LineString","coordinates":[[2.3243262,48.843971],[2.3286613,48.8452766]]},"type":"Feature","properties":{"layer":"metro","database_org_id":"324363999","mongo_dest_id":"5453b63455474a3362317af9","name":"M12","database_dest_id":"263499471","mongo_org_id":"5453b63555474a336231acd1","length":0.34887357339175723,"type":"edge","degreeDual":201}}
{"_id":{"$oid":"54b7bef855474a2bb2749692"},"geometry":{"type":"LineString","coordinates":[[2.2948689,48.9162246],[2.3053664,48.9038952]]},"type":"Feature","properties":{"layer":"metro","database_org_id":"249524554","mongo_dest_id":"5453b63455474a3362317499","name":"M13","database_dest_id":"261611470","mongo_org_id":"5453b63455474a33623179fc","length":1.5710230956139348,"type":"edge","degreeDual":190}}
{"_id":{"$oid":"54b7bef855474a2bb2749693"},"geometry":{"type":"LineString","coordinates":[[2.2948689,48.9162246],[2.2862019,48.9231172]]},"type":"Feature","properties":{"layer":"metro","database_org_id":"249524554","mongo_dest_id":"5453b63455474a336231894b","name":"M13","database_dest_id":"269337980","mongo_org_id":"5453b63455474a33623179fc","length":0.9942067902375901,"type":"edge","degreeDual":190}}
{"_id":{"$oid":"54b7bef855474a2bb27497c8"},"geometry":{"type":"LineString","coordinates":[[2.3729129,48.837075],[2.3680926,48.8349482]]},"type":"Feature","properties":{"layer":"metro","database_org_id":"235374383","mongo_dest_id":"5453b63455474a3362318eb9","name":"M6","database_dest_id":"235371395","mongo_org_id":"5453b63455474a3362318fa0","length":0.4247288435325494,"type":"edge","degreeDual":191}}
{"_id":{"$oid":"54b7bef855474a2bb27497c9"},"geometry":{"type":"LineString","coordinates":[[2.3729129,48.837075],[2.3799581,48.8401067]]},"type":"Feature","properties":{"layer":"metro","database_org_id":"235374383","mongo_dest_id":"5453b63455474a3362318fe7","name":"M6","database_dest_id":"260762540","mongo_org_id":"5453b63455474a3362318fa0","length":0.6160362466955099,"type":"edge","degreeDual":191}}
{"_id":{"$oid":"54b7bef855474a2bb27497ca"},"geometry":{"type":"LineString","coordinates":[[2.3211592,48.8419339],[2.3126019,48.8429457]]},"type":"Feature","properties":{"layer":"metro","database_org_id":"1805529567","mongo_dest_id":"5453b63555474a336231aeae","name":"M6","database_dest_id":"260764273","mongo_org_id":"5453b63555474a336231a513","length":0.6362573061130212,"type":"edge","degreeDual":191}}
{"_id":{"$oid":"54b7bef855474a2bb27497cb"},"geometry":{"type":"LineString","coordinates":[[2.3434618,48.8311116],[2.3366295,48.8330168]]},"type":"Feature","properties":{"layer":"metro","database_org_id":"235370184","mongo_dest_id":"5453b63555474a336231ac1e","name":"M6","database_dest_id":"235369898","mongo_org_id":"5453b63555474a336231a185","length":0.5431183105714702,"type":"edge","degreeDual":191}}
{"_id":{"$oid":"54b7bef855474a2bb27497cc"},"geometry":{"type":"LineString","coordinates":[[2.3504704,48.8297785],[2.3434618,48.8311116]]},"type":"Feature","properties":{"layer":"metro","database_org_id":"235370505","mongo_dest_id":"5453b63555474a336231a185","name":"M6","database_dest_id":"235370184","mongo_org_id":"5453b63455474a33623193f7","length":0.5340051631181965,"type":"edge","degreeDual":191}}
{"_id":{"$oid":"54b7bef855474a2bb27497cd"},"geometry":{"type":"LineString","coordinates":[[2.3504704,48.8297785],[2.3555589,48.8314217]]},"type":"Feature","properties":{"layer":"metro","database_org_id":"235370505","mongo_dest_id":"5453b63455474a3362318eb4","name":"M6","database_dest_id":"235371392","mongo_org_id":"5453b63455474a33623193f7","length":0.4148713842297189,"type":"edge","degreeDual":191}}
{"_id":{"$oid":"54b7bef855474a2bb27497ce"},"geometry":{"type":"LineString","coordinates":[[2.2936685,48.8504212],[2.2893959,48.8538982]]},"type":"Feature","properties":{"layer":"metro","database_org_id":"34909187","mongo_dest_id":"5453b63455474a3362318304","name":"M6","database_dest_id":"338930214","mongo_org_id":"5453b63455474a336231998a","length":0.4971972210556016,"type":"edge","degreeDual":191}}
{"_id":{"$oid":"54b7bef855474a2bb27497cf"},"geometry":{"type":"LineString","coordinates":[[2.2936685,48.8504212],[2.2988351,48.8487832]]},"type":"Feature","properties":{"layer":"metro","database_org_id":"34909187","mongo_dest_id":"5453b63455474a33623182b7","name":"M6","database_dest_id":"34909170","mongo_org_id":"5453b63455474a336231998a","length":0.41963097576987696,"type":"edge","degreeDual":191}}
{"_id":{"$oid":"54b7bef855474a2bb27497d0"},"geometry":{"type":"LineString","coordinates":[[2.3555589,48.8314217],[2.3628662,48.8331919]]},"type":"Feature","properties":{"layer":"metro","database_org_id":"235371392","mongo_dest_id":"5453b63455474a3362318eb8","name":"M6","database_dest_id":"235371394","mongo_org_id":"5453b63455474a3362318eb4","length":0.5699329584053294,"type":"edge","degreeDual":191}}
{"_id":{"$oid":"54b7bef855474a2bb27497d1"},"geometry":{"type":"LineString","coordinates":[[2.3211592,48.8419339],[2.3249923,48.8410654]]},"type":"Feature","properties":{"layer":"metro","database_org_id":"1805529567","mongo_dest_id":"5453b63455474a336231992e","name":"M6","database_dest_id":"260763474","mongo_org_id":"5453b63555474a336231a513","length":0.2966732695503718,"type":"edge","degreeDual":191}}
{"_id":{"$oid":"54b7bef855474a2bb27498ce"},"geometry":{"type":"LineString","coordinates":[[2.3641177,48.8675846],[2.3695694,48.8641314]]},"type":"Feature","properties":{"layer":"metro","database_org_id":"243507791","mongo_dest_id":"5453b63455474a3362317f11","name":"M5","database_dest_id":"256896059","mongo_org_id":"5453b63455474a3362318746","length":0.5535882859750785,"type":"edge","degreeDual":226}}
{"_id":{"$oid":"54b7bef855474a2bb27498d0"},"geometry":{"type":"LineString","coordinates":[[2.3659442,48.884287],[2.354899,48.8800091]]},"type":"Feature","properties":{"layer":"metro","database_org_id":"235377792","mongo_dest_id":"5453b63455474a3362317420","name":"M5","database_dest_id":"264508125","mongo_org_id":"5453b63555474a336231ad79","length":0.9373270784130968,"type":"edge","degreeDual":226}}
{"_id":{"$oid":"54b7bef855474a2bb27498d1"},"geometry":{"type":"LineString","coordinates":[[2.3641177,48.8675846],[2.3611531,48.8707855]]},"type":"Feature","properties":{"layer":"metro","database_org_id":"243507791","mongo_dest_id":"5453b63455474a3362319437","name":"M5","database_dest_id":"251387813","mongo_org_id":"5453b63455474a3362318746","length":0.416773043683177,"type":"edge","degreeDual":226}}
{"_id":{"$oid":"54b7bef855474a2bb27498d4"},"geometry":{"type":"LineString","coordinates":[[2.4025577,48.891198],[2.3927045,48.8885434]]},"type":"Feature","properties":{"layer":"metro","database_org_id":"264772862","mongo_dest_id":"5453b63455474a33623178cf","name":"M5","database_dest_id":"264772861","mongo_org_id":"5453b63455474a33623178ce","length":0.7785127667101353,"type":"edge","degreeDual":226}}
{"_id":{"$oid":"54b7bef855474a2bb27498d5"},"geometry":{"type":"LineString","coordinates":[[2.4025577,48.891198],[2.4133209,48.8932382]]},"type":"Feature","properties":{"layer":"metro","database_org_id":"264772862","mongo_dest_id":"5453b63455474a3362318a14","name":"M5","database_dest_id":"330026020","mongo_org_id":"5453b63455474a33623178ce","length":0.8189274723755847,"type":"edge","degreeDual":226}}
{"_id":{"$oid":"54b7bef855474a2bb27498d8"},"geometry":{"type":"LineString","coordinates":[[2.3659442,48.884287],[2.3703263,48.8825949]]},"type":"Feature","properties":{"layer":"metro","database_org_id":"235377792","mongo_dest_id":"5453b63455474a336231907e","name":"M5","database_dest_id":"1997722992","mongo_org_id":"5453b63555474a336231ad79","length":0.37158146502572026,"type":"edge","degreeDual":226}}
{"_id":{"$oid":"54b7bef855474a2bb2749a95"},"geometry":{"type":"LineString","coordinates":[[2.3361468,48.8623829],[2.3298436,48.8643585]]},"type":"Feature","properties":{"layer":"metro","database_org_id":"27362259","mongo_dest_id":"5453b63555474a3362319f73","name":"M1","database_dest_id":"27362258","mongo_org_id":"5453b63555474a336231a57a","length":0.5107384652416498,"type":"edge","degreeDual":341}}
{"_id":{"$oid":"54b7bef855474a2bb2749a98"},"geometry":{"type":"LineString","coordinates":[[2.2717733,48.8811205],[2.2577697,48.8856101]]},"type":"Feature","properties":{"layer":"metro","database_org_id":"27362238","mongo_dest_id":"5453b63455474a33623178b3","name":"M1","database_dest_id":"27333361","mongo_org_id":"5453b63555474a3362319c0c","length":1.1391721158038604,"type":"edge","degreeDual":341}}
{"_id":{"$oid":"54b7bef855474a2bb2749a9f"},"geometry":{"type":"LineString","coordinates":[[2.3960523,48.8480576],[2.3866995,48.8472696]]},"type":"Feature","properties":{"layer":"metro","database_org_id":"241928557","mongo_dest_id":"5453b63455474a336231747e","name":"M1","database_dest_id":"27371892","mongo_org_id":"5453b63555474a3362319bcd","length":0.6899616152583894,"type":"edge","degreeDual":341}}
{"_id":{"$oid":"54b7bef855474a2bb2749aea"},"geometry":{"type":"LineString","coordinates":[[2.3146743,48.8627572],[2.3102891,48.8575837]]},"type":"Feature","properties":{"layer":"metro","database_org_id":"264473695","mongo_dest_id":"5453b63455474a336231868f","name":"M8","database_dest_id":"264473011","mongo_org_id":"5453b63455474a33623182d0","length":0.6586686021957032,"type":"edge","degreeDual":291}}
{"_id":{"$oid":"54b7bef855474a2bb2749aec"},"geometry":{"type":"LineString","coordinates":[[2.3395091,48.8720176],[2.3432861,48.8715206]]},"type":"Feature","properties":{"layer":"metro","database_org_id":"256897080","mongo_dest_id":"5453b63455474a3362319830","name":"M8","database_dest_id":"256897079","mongo_org_id":"5453b63455474a336231753e","length":0.2817161855778269,"type":"edge","degreeDual":291}}
{"_id":{"$oid":"54b7bef855474a2bb2749aed"},"geometry":{"type":"LineString","coordinates":[[2.3671644,48.8608519],[2.367997,48.8575371]]},"type":"Feature","properties":{"layer":"metro","database_org_id":"264479724","mongo_dest_id":"5453b63455474a3362319078","name":"M8","database_dest_id":"264479775","mongo_org_id":"5453b63555474a336231ac2e","length":0.37358779986259655,"type":"edge","degreeDual":291}}
{"_id":{"$oid":"54b7bef855474a2bb2749aee"},"geometry":{"type":"LineString","coordinates":[[2.3061015,48.8546428],[2.3102891,48.8575837]]},"type":"Feature","properties":{"layer":"metro","database_org_id":"264469541","mongo_dest_id":"5453b63455474a336231868f","name":"M8","database_dest_id":"264473011","mongo_org_id":"5453b63455474a3362317dff","length":0.4481065192878521,"type":"edge","degreeDual":291}}
{"_id":{"$oid":"54b7bef855474a2bb2749aef"},"geometry":{"type":"LineString","coordinates":[[2.3061015,48.8546428],[2.2988351,48.8487832]]},"type":"Feature","properties":{"layer":"metro","database_org_id":"264469541","mongo_dest_id":"5453b63455474a33623182b7","name":"M8","database_dest_id":"34909170","mongo_org_id":"5453b63455474a3362317dff","length":0.8409480413986491,"type":"edge","degreeDual":291}}
{"_id":{"$oid":"54b7bef855474a2bb2749af0"},"geometry":{"type":"LineString","coordinates":[[2.3686313,48.8531361],[2.367997,48.8575371]]},"type":"Feature","properties":{"layer":"metro","database_org_id":"264480619","mongo_dest_id":"5453b63455474a3362319078","name":"M8","database_dest_id":"264479775","mongo_org_id":"5453b63455474a3362318bd0","length":0.4915643152268683,"type":"edge","degreeDual":291}}
{"_id":{"$oid":"54b7bef855474a2bb2749af1"},"geometry":{"type":"LineString","coordinates":[[2.3686313,48.8531361],[2.3759944,48.8511945]]},"type":"Feature","properties":{"layer":"metro","database_org_id":"264480619","mongo_dest_id":"5453b63455474a3362318360","name":"M8","database_dest_id":"264480784","mongo_org_id":"5453b63455474a3362318bd0","length":0.5803837728467467,"type":"edge","degreeDual":291}}
{"_id":{"$oid":"54b7bef855474a2bb2749af2"},"geometry":{"type":"LineString","coordinates":[[2.3671644,48.8608519],[2.3668726,48.8632968]]},"type":"Feature","properties":{"layer":"metro","database_org_id":"264479724","mongo_dest_id":"5453b63555474a336231a01e","name":"M8","database_dest_id":"264476971","mongo_org_id":"5453b63555474a336231ac2e","length":0.2726971996363832,"type":"edge","degreeDual":291}}
{"_id":{"$oid":"54b7bef855474a2bb2749af3"},"geometry":{"type":"LineString","coordinates":[[2.4643844,48.7687211],[2.4594504,48.7797556]]},"type":"Feature","properties":{"layer":"metro","database_org_id":"928458344","mongo_dest_id":"5453b63355474a3362317295","name":"M8","database_dest_id":"300869641","mongo_org_id":"5453b63555474a336231a95f","length":1.279144650850757,"type":"edge","degreeDual":291}}
{"_id":{"$oid":"54b7bef855474a2bb2749bb8"},"geometry":{"type":"LineString","coordinates":[[2.3588519,48.8356584],[2.3608293,48.8382823]]},"type":"Feature","properties":{"layer":"metro","database_org_id":"265055750","mongo_dest_id":"5453b63555474a336231a0fc","name":"M5","database_dest_id":"265055434","mongo_org_id":"5453b63455474a3362317ba9","length":0.32568607514768455,"type":"edge","degreeDual":226}}
{"_id":{"$oid":"54b7bef855474a2bb2749c40"},"geometry":{"type":"LineString","coordinates":[[2.4190317,48.8463309],[2.4293269,48.8454354]]},"type":"Feature","properties":{"layer":"metro","database_org_id":"243487863","mongo_dest_id":"5453b63555474a336231a26d","name":"M1","database_dest_id":"241928758","mongo_org_id":"5453b63455474a3362319287","length":0.7599127050488984,"type":"edge","degreeDual":341}}
{"_id":{"$oid":"54b7bef855474a2bb2749c41"},"geometry":{"type":"LineString","coordinates":[[2.2493898,48.8882286],[2.2377696,48.891967]]},"type":"Feature","properties":{"layer":"metro","database_org_id":"27332092","mongo_dest_id":"5453b63555474a3362319af3","name":"M1","database_dest_id":"137533248","mongo_org_id":"5453b63455474a336231783d","length":0.9458140536855483,"type":"edge","degreeDual":341}}
{"_id":{"$oid":"54b7bef855474a2bb2749e3f"},"geometry":{"type":"LineString","coordinates":[[2.3521708,48.8572265],[2.3467014,48.8583398]]},"type":"Feature","properties":{"layer":"metro","database_org_id":"27371864","mongo_dest_id":"5453b63455474a3362319751","name":"M11","database_dest_id":"27371862","mongo_org_id":"5453b63455474a336231974f","length":0.418845241872494,"type":"edge","degreeDual":136}}
{"_id":{"$oid":"54b7bef855474a2bb2749e41"},"geometry":{"type":"LineString","coordinates":[[2.2686743,48.8473202],[2.2641872,48.8480038]]},"type":"Feature","properties":{"layer":"metro","database_org_id":"264534683","mongo_dest_id":"5453b63455474a3362317de1","name":"M10","database_dest_id":"260767427","mongo_org_id":"5453b63455474a33623182fa","length":0.3370199356243777,"type":"edge","degreeDual":224}}
{"_id":{"$oid":"54b7bef855474a2bb2749e42"},"geometry":{"type":"LineString","coordinates":[[2.2672606,48.845267],[2.2618802,48.8452505]]},"type":"Feature","properties":{"layer":"metro","database_org_id":"264537727","mongo_dest_id":"5453b63455474a3362317de4","name":"M10","database_dest_id":"260767428","mongo_org_id":"5453b63555474a336231a6d7","length":0.3937248123375498,"type":"edge","degreeDual":224}}
{"_id":{"$oid":"54b7bef855474a2bb2749e43"},"geometry":{"type":"LineString","coordinates":[[2.2988351,48.8487832],[2.2953101,48.8470463]]},"type":"Feature","properties":{"layer":"metro","database_org_id":"34909170","mongo_dest_id":"5453b63555474a336231a98a","name":"M10","database_dest_id":"261666122","mongo_org_id":"5453b63455474a33623182b7","length":0.3222284549534743,"type":"edge","degreeDual":224}}
{"_id":{"$oid":"54b7bef855474a2bb2749e44"},"geometry":{"type":"LineString","coordinates":[[2.3454617,48.8508926],[2.3394266,48.8521785]]},"type":"Feature","properties":{"layer":"metro","database_org_id":"260078622","mongo_dest_id":"5453b63455474a3362318bae","name":"M10","database_dest_id":"260079008","mongo_org_id":"5453b63455474a33623178ec","length":0.4641470719748738,"type":"edge","degreeDual":224}}
{"_id":{"$oid":"54b7bef855474a2bb2749e45"},"geometry":{"type":"LineString","coordinates":[[2.2783179,48.8463524],[2.2859257,48.8466102]]},"type":"Feature","properties":{"layer":"metro","database_org_id":"264534424","mongo_dest_id":"5453b63555474a3362319d64","name":"M10","database_dest_id":"264534423","mongo_org_id":"5453b63555474a3362319d63","length":0.557438543077527,"type":"edge","degreeDual":224}}
{"_id":{"$oid":"54b7bef855474a2bb2749e46"},"geometry":{"type":"LineString","coordinates":[[2.2953101,48.8470463],[2.2859257,48.8466102]]},"type":"Feature","properties":{"layer":"metro","database_org_id":"261666122","mongo_dest_id":"5453b63555474a3362319d64","name":"M10","database_dest_id":"264534423","mongo_org_id":"5453b63555474a336231a98a","length":0.6884090197536221,"type":"edge","degreeDual":224}}
{"_id":{"$oid":"54b7bef855474a2bb2749e47"},"geometry":{"type":"LineString","coordinates":[[2.3655037,48.8423263],[2.3549579,48.8460116]]},"type":"Feature","properties":{"layer":"metro","database_org_id":"2600408291","mongo_dest_id":"5453b63455474a3362318ea3","name":"M10","database_dest_id":"260040968","mongo_org_id":"5453b63455474a3362318d02","length":0.8737759190822766,"type":"edge","degreeDual":224}}
{"_id":{"$oid":"54b7bef855474a2bb2749e48"},"geometry":{"type":"LineString","coordinates":[[2.2618802,48.8452505],[2.2387333,48.8420002]]},"type":"Feature","properties":{"layer":"metro","database_org_id":"260767428","mongo_dest_id":"5453b63455474a3362318fdf","name":"M10","database_dest_id":"264539964","mongo_org_id":"5453b63455474a3362317de4","length":1.731999820224019,"type":"edge","degreeDual":224}}
{"_id":{"$oid":"54b7bef855474a2bb2749f9d"},"geometry":{"type":"LineString","coordinates":[[2.3394266,48.8521785],[2.3443622,48.8535657]]},"type":"Feature","properties":{"layer":"metro","database_org_id":"260079008","mongo_dest_id":"5453b63555474a336231a416","name":"M4","database_dest_id":"264515098","mongo_org_id":"5453b63455474a3362318bae","length":0.3926806887191366,"type":"edge","degreeDual":294}}
{"_id":{"$oid":"54b7bef855474a2bb2749f9e"},"geometry":{"type":"LineString","coordinates":[[2.3461709,48.8627762],[2.3487041,48.8638408]]},"type":"Feature","properties":{"layer":"metro","database_org_id":"264513655","mongo_dest_id":"5453b63455474a3362319527","name":"M4","database_dest_id":"264509793","mongo_org_id":"5453b63455474a3362319995","length":0.2198890764137748,"type":"edge","degreeDual":294}}
{"_id":{"$oid":"54b7bef855474a2bb2749f9f"},"geometry":{"type":"LineString","coordinates":[[2.3477372,48.8937935],[2.3496679,48.8915769]]},"type":"Feature","properties":{"layer":"metro","database_org_id":"264505993","mongo_dest_id":"5453b63455474a3362317868","name":"M4","database_dest_id":"1481147746","mongo_org_id":"5453b63555474a336231a0c2","length":0.284029401094057,"type":"edge","degreeDual":294}}
{"_id":{"$oid":"54b7bef855474a2bb2749fa3"},"geometry":{"type":"LineString","coordinates":[[2.354899,48.8800091],[2.3580551,48.876038]]},"type":"Feature","properties":{"layer":"metro","database_org_id":"264508125","mongo_dest_id":"5453b63555474a336231ad55","name":"M4","database_dest_id":"264508548","mongo_org_id":"5453b63455474a3362317420","length":0.4982472707899697,"type":"edge","degreeDual":294}}
{"_id":{"$oid":"54b7bef855474a2bb2749fa4"},"geometry":{"type":"LineString","coordinates":[[2.3497042,48.8873214],[2.3495338,48.8837592]]},"type":"Feature","properties":{"layer":"metro","database_org_id":"264507100","mongo_dest_id":"5453b63355474a3362317373","name":"M4","database_dest_id":"1480535477","mongo_org_id":"5453b63455474a33623191b9","length":0.39629447308113613,"type":"edge","degreeDual":294}}
{"_id":{"$oid":"54b7bef855474a2bb2749fa5"},"geometry":{"type":"LineString","coordinates":[[2.3471977,48.8551566],[2.3443622,48.8535657]]},"type":"Feature","properties":{"layer":"metro","database_org_id":"264514896","mongo_dest_id":"5453b63555474a336231a416","name":"M4","database_dest_id":"264515098","mongo_org_id":"5453b63455474a33623183fa","length":0.2726375791099551,"type":"edge","degreeDual":294}}
{"_id":{"$oid":"54b7bef855474a2bb274a527"},"geometry":{"type":"LineString","coordinates":[[2.3886032,48.8795817],[2.3933641,48.8819551]]},"type":"Feature","properties":{"layer":"metro","database_org_id":"1997722983","mongo_dest_id":"5453b63555474a336231a41b","name":"M7bis","database_dest_id":"264794354","mongo_org_id":"5453b63455474a3362319443","length":0.4368641057547729,"type":"edge","degreeDual":43}}
{"_id":{"$oid":"54b7bef855474a2bb274a528"},"geometry":{"type":"LineString","coordinates":[[2.3886032,48.8795817],[2.3816608,48.8782117]]},"type":"Feature","properties":{"layer":"metro","database_org_id":"1997722983","mongo_dest_id":"5453b63555474a336231a868","name":"M7bis","database_dest_id":"243357000","mongo_org_id":"5453b63455474a3362319443","length":0.5300443158403441,"type":"edge","degreeDual":43}}
{"_id":{"$oid":"54b7bef855474a2bb274a529"},"geometry":{"type":"LineString","coordinates":[[2.3886032,48.8795817],[2.3935636,48.8767737]]},"type":"Feature","properties":{"layer":"metro","database_org_id":"1997722983","mongo_dest_id":"5453b63455474a336231968e","name":"M7bis","database_dest_id":"2066461402","mongo_org_id":"5453b63455474a3362319443","length":0.4786196231649913,"type":"edge","degreeDual":43}}
{"_id":{"$oid":"54b7bef855474a2bb274a52a"},"geometry":{"type":"LineString","coordinates":[[2.3703263,48.8825949],[2.3741125,48.8807774]]},"type":"Feature","properties":{"layer":"metro","database_org_id":"1997722992","mongo_dest_id":"5453b63555474a336231a245","name":"M7bis","database_dest_id":"243358029","mongo_org_id":"5453b63455474a336231907e","length":0.3427751833185647,"type":"edge","degreeDual":43}}
{"_id":{"$oid":"54b7bef855474a2bb274a52b"},"geometry":{"type":"LineString","coordinates":[[2.3402103,48.8749537],[2.3441565,48.8759682]]},"type":"Feature","properties":{"layer":"metro","database_org_id":"264780946","mongo_dest_id":"5453b63455474a33623187b6","name":"M7","database_dest_id":"264780947","mongo_org_id":"5453b63455474a33623182c5","length":0.3098599941466892,"type":"edge","degreeDual":330}}
{"_id":{"$oid":"54b7bef855474a2bb274a52c"},"geometry":{"type":"LineString","coordinates":[[2.3402103,48.8749537],[2.3333207,48.8730612]]},"type":"Feature","properties":{"layer":"metro","database_org_id":"264780946","mongo_dest_id":"5453b63555474a336231a3a0","name":"M7","database_dest_id":"256897458","mongo_org_id":"5453b63455474a33623182c5","length":0.5460475732694355,"type":"edge","degreeDual":330}}
{"_id":{"$oid":"54b7bef855474a2bb274a52d"},"geometry":{"type":"LineString","coordinates":[[2.3521239,48.8429311],[2.3549579,48.8460116]]},"type":"Feature","properties":{"layer":"metro","database_org_id":"264786014","mongo_dest_id":"5453b63455474a3362318ea3","name":"M7","database_dest_id":"260040968","mongo_org_id":"5453b63555474a336231a135","length":0.4004247647323573,"type":"edge","degreeDual":330}}
{"_id":{"$oid":"54b7bef855474a2bb274a52f"},"geometry":{"type":"LineString","coordinates":[[2.3703263,48.8825949],[2.3654808,48.8814188]]},"type":"Feature","properties":{"layer":"metro","database_org_id":"1997722992","mongo_dest_id":"5453b63555474a336231a948","name":"M7bis","database_dest_id":"264775552","mongo_org_id":"5453b63455474a336231907e","length":0.3776820034560341,"type":"edge","degreeDual":43}}
{"_id":{"$oid":"54b7bef855474a2bb274a530"},"geometry":{"type":"LineString","coordinates":[[2.3741125,48.8807774],[2.3816608,48.8782117]]},"type":"Feature","properties":{"layer":"metro","database_org_id":"243358029","mongo_dest_id":"5453b63555474a336231a868","name":"M7bis","database_dest_id":"243357000","mongo_org_id":"5453b63555474a336231a245","length":0.6213509896418341,"type":"edge","degreeDual":43}}
{"_id":{"$oid":"54b7bef955474a2bb274a624"},"geometry":{"type":"LineString","coordinates":[[2.3521708,48.8572265],[2.3535761,48.861274]]},"type":"Feature","properties":{"layer":"metro","database_org_id":"27371864","mongo_dest_id":"5453b63455474a3362317c32","name":"M11","database_dest_id":"264592424","mongo_org_id":"5453b63455474a336231974f","length":0.46165412262460664,"type":"edge","degreeDual":136}}
{"_id":{"$oid":"54b7bef955474a2bb274a629"},"geometry":{"type":"LineString","coordinates":[[2.3611531,48.8707855],[2.3580551,48.876038]]},"type":"Feature","properties":{"layer":"metro","database_org_id":"251387813","mongo_dest_id":"5453b63555474a336231ad55","name":"M5","database_dest_id":"264508548","mongo_org_id":"5453b63455474a3362319437","length":0.6264598116631166,"type":"edge","degreeDual":226}}
{"_id":{"$oid":"54b7bef955474a2bb274a62a"},"geometry":{"type":"LineString","coordinates":[[2.3655037,48.8423263],[2.3659107,48.846474]]},"type":"Feature","properties":{"layer":"metro","database_org_id":"2600408291","mongo_dest_id":"5453b63455474a336231776c","name":"M5","database_dest_id":"258068724","mongo_org_id":"5453b63455474a3362318d02","length":0.4621638719096795,"type":"edge","degreeDual":226}}
{"_id":{"$oid":"54b7bef955474a2bb274a62b"},"geometry":{"type":"LineString","coordinates":[[2.3655037,48.8423263],[2.3608293,48.8382823]]},"type":"Feature","properties":{"layer":"metro","database_org_id":"2600408291","mongo_dest_id":"5453b63555474a336231a0fc","name":"M5","database_dest_id":"265055434","mongo_org_id":"5453b63455474a3362318d02","length":0.5650060067229582,"type":"edge","degreeDual":226}}
{"_id":{"$oid":"54b7bef955474a2bb274a62c"},"geometry":{"type":"LineString","coordinates":[[2.3686313,48.8531361],[2.3705298,48.8566177]]},"type":"Feature","properties":{"layer":"metro","database_org_id":"264480619","mongo_dest_id":"5453b63455474a3362317df4","name":"M5","database_dest_id":"264769296","mongo_org_id":"5453b63455474a3362318bd0","length":0.4112998324971178,"type":"edge","degreeDual":226}}
{"_id":{"$oid":"54b7bef955474a2bb274a62d"},"geometry":{"type":"LineString","coordinates":[[2.3867135,48.8869632],[2.3795672,48.8850187]]},"type":"Feature","properties":{"layer":"metro","database_org_id":"264772371","mongo_dest_id":"5453b63455474a33623197de","name":"M5","database_dest_id":"264772256","mongo_org_id":"5453b63355474a33623172b0","length":0.5654869724715205,"type":"edge","degreeDual":226}}
{"_id":{"$oid":"54b7bef955474a2bb274a62e"},"geometry":{"type":"LineString","coordinates":[[2.3695694,48.8641314],[2.3721323,48.8602039]]},"type":"Feature","properties":{"layer":"metro","database_org_id":"256896059","mongo_dest_id":"5453b63555474a3362319b1d","name":"M5","database_dest_id":"264769297","mongo_org_id":"5453b63455474a3362317f11","length":0.4752599287439423,"type":"edge","degreeDual":226}}
{"_id":{"$oid":"54b7bef955474a2bb274a62f"},"geometry":{"type":"LineString","coordinates":[[2.3588519,48.8356584],[2.3555589,48.8314217]]},"type":"Feature","properties":{"layer":"metro","database_org_id":"265055750","mongo_dest_id":"5453b63455474a3362318eb4","name":"M5","database_dest_id":"235371392","mongo_org_id":"5453b63455474a3362317ba9","length":0.5291777616830426,"type":"edge","degreeDual":226}}
{"_id":{"$oid":"54b7bef955474a2bb274a631"},"geometry":{"type":"LineString","coordinates":[[2.3795672,48.8850187],[2.3703263,48.8825949]]},"type":"Feature","properties":{"layer":"metro","database_org_id":"264772256","mongo_dest_id":"5453b63455474a336231907e","name":"M5","database_dest_id":"1997722992","mongo_org_id":"5453b63455474a33623197de","length":0.7274661668019171,"type":"edge","degreeDual":226}}
{"_id":{"$oid":"54b7bef955474a2bb274a632"},"geometry":{"type":"LineString","coordinates":[[2.354899,48.8800091],[2.3580551,48.876038]]},"type":"Feature","properties":{"layer":"metro","database_org_id":"264508125","mongo_dest_id":"5453b63555474a336231ad55","name":"M5","database_dest_id":"264508548","mongo_org_id":"5453b63455474a3362317420","length":0.4982472707899697,"type":"edge","degreeDual":226}}
{"_id":{"$oid":"54b7bef955474a2bb274a69d"},"geometry":{"type":"LineString","coordinates":[[2.3927045,48.8885434],[2.3867135,48.8869632]]},"type":"Feature","properties":{"layer":"metro","database_org_id":"264772861","mongo_dest_id":"5453b63355474a33623172b0","name":"M5","database_dest_id":"264772371","mongo_org_id":"5453b63455474a33623178cf","length":0.4719581701070607,"type":"edge","degreeDual":226}}
{"_id":{"$oid":"54b7bef955474a2bb274a6b2"},"geometry":{"type":"LineString","coordinates":[[2.3686313,48.8531361],[2.3659107,48.846474]]},"type":"Feature","properties":{"layer":"metro","database_org_id":"264480619","mongo_dest_id":"5453b63455474a336231776c","name":"M5","database_dest_id":"258068724","mongo_org_id":"5453b63455474a3362318bd0","length":0.7670723252978948,"type":"edge","degreeDual":226}}
{"_id":{"$oid":"54b7bef955474a2bb274a6e0"},"geometry":{"type":"LineString","coordinates":[[2.3090043,48.8693137],[2.3012613,48.8718025]]},"type":"Feature","properties":{"layer":"metro","database_org_id":"27362251","mongo_dest_id":"5453b63455474a3362317ac8","name":"M1","database_dest_id":"27362249","mongo_org_id":"5453b63455474a33623199d2","length":0.6303225023322452,"type":"edge","degreeDual":341}}
{"_id":{"$oid":"54b7bef955474a2bb274a6e3"},"geometry":{"type":"LineString","coordinates":[[2.3686313,48.8531361],[2.3727163,48.8457111]]},"type":"Feature","properties":{"layer":"metro","database_org_id":"264480619","mongo_dest_id":"5453b63455474a33623190e1","name":"M1","database_dest_id":"27371889","mongo_org_id":"5453b63455474a3362318bd0","length":0.8780631492710199,"type":"edge","degreeDual":341}}
{"_id":{"$oid":"54b7bef955474a2bb274a6e9"},"geometry":{"type":"LineString","coordinates":[[2.4072293,48.8474233],[2.3960523,48.8480576]]},"type":"Feature","properties":{"layer":"metro","database_org_id":"27371900","mongo_dest_id":"5453b63555474a3362319bcd","name":"M1","database_dest_id":"241928557","mongo_org_id":"5453b63455474a3362318553","length":0.8208923491141406,"type":"edge","degreeDual":341}}
